1,0.00000,0.00000,0.00000,-0.01517,0.00385,0.00006,0.99988
2,0.00126,0.00001,0.01500,-0.01517,0.00382,0.00006,0.99988
3,0.00407,-0.00102,0.01000,-0.01515,0.00382,0.00006,0.99988
4,0.00789,-0.00141,-0.00200,-0.01515,0.00381,0.00006,0.99988
5,0.01254,-0.00180,-0.01300,-0.01514,0.00381,0.00006,0.99988
6,0.01985,-0.00112,-0.03000,-0.01513,0.00379,0.00007,0.99988
7,0.03008,0.00503,-0.05300,-0.01515,0.00428,0.00005,0.99988
8,0.04665,0.25241,-0.07700,-0.01543,0.00523,0.00005,0.99987
9,0.08704,1.19734,-0.09700,-0.01335,0.00636,-0.00020,0.99989
10,0.14580,3.28023,-0.11400,-0.01352,0.00940,-0.00157,0.99986
11,0.26653,6.52403,-0.11300,-0.01002,0.00731,-0.00599,0.99991
12,0.46920,10.52508,-0.11301,-0.01150,0.00515,-0.01789,0.99976
13,0.71063,14.42960,-0.11202,-0.00752,0.00684,-0.01184,0.99988
14,0.62017,18.42146,-0.10003,0.00329,0.00711,0.06847,0.99762
15,-0.82761,22.21786,-0.12004,0.00926,0.00243,0.28183,0.95942
16,-4.12470,24.64143,-0.16105,-0.00196,-0.00517,-0.55517,-0.83172
17,-8.50927,25.05385,-0.19206,0.00703,0.00216,-0.71962,-0.69433
18,-13.37810,24.69044,-0.23106,0.01448,0.01031,-0.73441,-0.67847
19,-18.88790,24.53247,-0.25908,0.01333,0.00979,-0.71354,-0.70042
20,-25.20066,24.80741,-0.27210,0.01195,0.00821,-0.68638,-0.72710
21,-32.17340,25.58373,-0.30113,0.00585,0.00120,-0.67052,-0.74187
22,-39.74586,26.39479,-0.31718,0.00754,0.00231,-0.68106,-0.73218
23,-47.92320,26.87048,-0.32824,0.00712,0.00264,-0.70112,-0.71301
24,-56.67919,27.04305,-0.33631,0.01089,0.00410,-0.70725,-0.70686
25,-65.91712,27.20718,-0.35240,0.00278,-0.00195,-0.70913,-0.70507
26,-75.54721,27.34381,-0.36951,0.00543,-0.00624,-0.70707,-0.70709
27,-85.41208,27.53073,-0.36263,0.00041,-0.00276,-0.70676,-0.70744
28,-95.28417,27.71068,-0.39278,0.00732,-0.00029,-0.70561,-0.70856
29,-104.98923,27.98171,-0.39493,0.00406,-0.00373,-0.70410,-0.71007
30,-114.48574,28.19657,-0.39109,0.00418,-0.00130,-0.70655,-0.70765
31,-123.73045,28.33191,-0.38627,0.00913,0.00321,-0.70758,-0.70656
32,-132.00828,28.51013,-0.36444,0.00280,-0.00011,-0.70748,-0.70673
33,-138.29432,28.61987,-0.36557,0.00692,0.00504,-0.70492,-0.70924
34,-142.07821,28.71694,-0.34865,0.00549,0.00380,-0.70451,-0.70966
35,-143.35664,28.74624,-0.33368,0.00580,0.00228,-0.70421,-0.70996
36,-143.38029,28.73957,-0.31468,0.00702,0.00108,-0.70421,-0.70995
37,-143.37417,28.73396,-0.29368,0.00702,0.00107,-0.70421,-0.70996
38,-143.36986,28.73001,-0.27368,0.00704,0.00109,-0.70422,-0.70995
39,-143.36733,28.72730,-0.25268,0.00702,0.00108,-0.70421,-0.70995
40,-143.37041,28.72896,-0.24868,0.00705,0.00109,-0.70421,-0.70995
41,-143.37086,28.72937,-0.24768,0.00706,0.00109,-0.70422,-0.70995
42,-143.37086,28.72937,-0.24868,0.00705,0.00109,-0.70422,-0.70995
43,-143.37086,28.72937,-0.24968,0.00705,0.00108,-0.70422,-0.70994
44,-143.37086,28.72937,-0.25068,0.00707,0.00114,-0.70422,-0.70995
45,-143.37086,28.72937,-0.25268,0.00705,0.00109,-0.70423,-0.70994
46,-143.37086,28.72937,-0.25368,0.00709,0.00112,-0.70422,-0.70995
47,-143.37086,28.72937,-0.25568,0.00708,0.00111,-0.70422,-0.70995
48,-143.37086,28.72937,-0.25668,0.00709,0.00113,-0.70421,-0.70995
49,-143.37086,28.72937,-0.25868,0.00706,0.00113,-0.70422,-0.70994
50,-143.37086,28.72937,-0.25968,0.00706,0.00112,-0.70422,-0.70995
51,-143.37086,28.72937,-0.26168,0.00706,0.00116,-0.70422,-0.70994
52,-143.37086,28.72937,-0.26268,0.00706,0.00114,-0.70421,-0.70996
53,-143.37086,28.72937,-0.26468,0.00702,0.00112,-0.70421,-0.70996
54,-143.37086,28.72937,-0.26668,0.00709,0.00117,-0.70421,-0.70996
55,-143.37086,28.72937,-0.26768,0.00708,0.00117,-0.70420,-0.70996
56,-143.37086,28.72937,-0.26968,0.00706,0.00112,-0.70422,-0.70995
57,-143.37086,28.72937,-0.27168,0.00707,0.00110,-0.70421,-0.70996
58,-143.37086,28.72937,-0.27368,0.00704,0.00114,-0.70421,-0.70996
59,-143.37086,28.72937,-0.27568,0.00709,0.00111,-0.70420,-0.70996
60,-143.37086,28.72937,-0.27768,0.00705,0.00113,-0.70420,-0.70996
61,-143.37086,28.72937,-0.27968,0.00704,0.00113,-0.70420,-0.70997
62,-143.37086,28.72937,-0.28168,0.00712,0.00113,-0.70420,-0.70996
63,-143.37086,28.72937,-0.28368,0.00707,0.00114,-0.70420,-0.70997
64,-143.37109,28.72958,-0.28468,0.00706,0.00115,-0.70420,-0.70997
65,-143.37361,28.72956,-0.28168,0.00708,0.00115,-0.70419,-0.70997
66,-143.37516,28.72788,-0.14168,0.00703,0.00114,-0.70419,-0.70998
67,-143.37671,28.72619,-0.05768,0.00699,0.00117,-0.70418,-0.70998
68,-143.37845,28.72429,-0.01268,0.00702,0.00116,-0.70418,-0.70998
69,-143.38249,28.72217,0.01032,0.00705,0.00117,-0.70418,-0.70999
70,-143.44655,28.72151,0.01432,0.00748,0.00056,-0.70415,-0.71001
71,-143.86713,28.73445,0.01331,0.00697,-0.00027,-0.70390,-0.71026
72,-144.82065,28.76710,0.00628,0.00618,-0.00179,-0.70354,-0.71062
73,-146.46426,28.82378,0.00125,0.00302,-0.00108,-0.70238,-0.71179
74,-148.24370,28.90758,-0.00879,0.00487,-0.00135,-0.69428,-0.71969
75,-149.75814,29.03726,-0.01683,0.00461,-0.00116,-0.68099,-0.73228
76,-150.54620,29.12786,-0.02785,0.00485,-0.00102,-0.67224,-0.74031
77,-150.71311,29.14387,-0.04185,0.00542,-0.00165,-0.67018,-0.74218
78,-150.73313,29.13932,-0.06085,0.00578,-0.00207,-0.66986,-0.74246
79,-151.06237,29.17995,-0.07886,0.00682,-0.00234,-0.66513,-0.74669
80,-151.85888,29.32686,-0.10188,0.00817,-0.00335,-0.64617,-0.76314
81,-153.78884,30.04013,-0.10993,0.01107,-0.00593,-0.54983,-0.83518
82,-156.20973,32.16750,-0.09000,-0.00382,0.00974,0.36142,0.93235
83,-158.12464,35.97799,-0.09607,-0.00589,0.00251,0.16917,0.98557
84,-158.84916,41.01731,-0.16412,-0.01164,-0.00436,0.02714,0.99955
85,-158.61200,46.78134,-0.24215,-0.01812,0.00358,-0.02953,0.99939
86,-158.05111,53.29638,-0.29419,-0.01827,0.00040,-0.03498,0.99922
87,-157.45231,60.54889,-0.34124,-0.01031,0.00033,-0.02644,0.99960
88,-157.04693,68.40456,-0.38831,-0.00748,0.00445,-0.01054,0.99991
89,-156.75272,76.86023,-0.40440,-0.01113,0.00443,-0.00810,0.99990
90,-156.47106,85.88327,-0.43751,-0.00994,0.00263,-0.00468,0.99994
91,-156.26917,95.33531,-0.47264,-0.00830,0.00175,0.00138,0.99996
92,-156.17069,104.93080,-0.51579,-0.00715,0.00178,0.00636,0.99995
93,-156.15543,114.36141,-0.56495,-0.01271,0.00124,0.00707,0.99989
94,-156.11398,123.45337,-0.62112,-0.01082,-0.00168,0.00622,0.99992
95,-156.06380,132.24910,-0.67930,-0.01077,0.00518,0.00710,0.99990
96,-156.02032,140.86142,-0.72948,-0.01390,0.00065,0.00232,0.99990
97,-155.84773,149.35102,-0.75467,-0.01124,0.00542,-0.00302,0.99992
98,-155.67802,158.07090,-0.79188,-0.01658,0.00533,0.00140,0.99985
99,-155.58366,166.91430,-0.78310,-0.01304,0.00647,0.00371,0.99989
100,-155.36754,175.98006,-0.79934,-0.01305,0.00548,-0.00861,0.99986
101,-154.89828,185.37723,-0.78560,-0.01078,0.00879,-0.01985,0.99971
102,-154.25478,195.09855,-0.77987,-0.00036,0.00531,-0.02232,0.99974
103,-153.66481,205.07137,-0.78117,0.00677,0.00467,-0.01511,0.99985
104,-153.34324,215.26169,-0.78150,-0.00802,0.01005,-0.00211,0.99992
105,-153.09180,225.62125,-0.75286,0.00471,0.00647,-0.00164,0.99997
106,-152.86849,235.96699,-0.73923,0.00516,0.00727,0.00060,0.99996
107,-152.77615,246.08214,-0.75561,0.00335,0.00622,0.00827,0.99994
108,-152.72610,255.94554,-0.76600,-0.00174,0.00560,0.00242,0.99998
109,-152.57104,265.51527,-0.75439,-0.00628,0.00729,0.00114,0.99995
110,-152.50120,274.81009,-0.75578,-0.00571,0.00591,0.00952,0.99992
111,-152.59936,283.82671,-0.75018,-0.00270,0.00592,0.02488,0.99967
112,-153.19758,292.63360,-0.76659,-0.00139,0.00279,0.05747,0.99834
113,-154.24898,301.53074,-0.84403,-0.00204,0.00247,0.07055,0.99750
114,-155.28845,310.60922,-0.91650,-0.01109,0.00281,0.05803,0.99825
115,-156.02750,319.76947,-0.93197,-0.01520,0.00486,0.04113,0.99903
116,-156.40271,328.92998,-0.93845,-0.01446,0.00502,0.01532,0.99977
117,-156.28454,338.17780,-0.92993,-0.01415,0.00436,-0.00450,0.99988
118,-155.96439,347.51612,-0.92742,-0.00667,0.00367,-0.00562,0.99996
119,-155.72719,356.93054,-0.90594,-0.01442,0.00213,-0.00392,0.99989
120,-155.39066,366.42865,-0.88747,-0.03245,0.00224,-0.01862,0.99930
121,-154.55407,375.93218,-0.84201,-0.01092,0.00082,-0.03841,0.99920
122,-153.64664,385.44376,-0.88055,-0.00468,0.00450,-0.03416,0.99940
123,-152.99700,395.05745,-0.90213,-0.00152,0.00003,-0.00987,0.99995
124,-152.76286,404.81384,-0.95174,-0.00043,0.00294,0.00314,0.99999
125,-152.72665,414.78446,-1.05338,-0.00649,-0.00391,0.01112,0.99991
126,-152.83934,424.88626,-1.09605,-0.00473,0.00212,0.01507,0.99987
127,-152.87777,435.11767,-1.12074,0.00005,0.00026,0.01077,0.99994
128,-152.91516,445.39979,-1.18245,-0.00829,0.01167,0.01097,0.99984
129,-152.87913,455.63865,-1.13318,0.00771,0.00170,0.00951,0.99992
130,-152.80659,465.65523,-1.13090,0.00874,0.00323,0.00446,0.99995
131,-152.63447,475.43362,-1.09662,0.01062,0.00442,-0.00198,0.99993
132,-152.16616,484.78956,-1.09732,0.01423,0.00344,-0.03343,0.99933
133,-150.91153,493.52702,-1.04796,0.00685,0.00123,-0.09212,0.99572
134,-148.48941,501.42992,-1.07252,0.02003,0.00345,-0.17501,0.98436
135,-144.93354,508.56340,-1.09400,0.01616,-0.00199,-0.25616,0.96650
136,-140.39385,514.77404,-1.16340,0.01813,-0.00244,-0.33602,0.94168
137,-135.39986,519.88965,-1.17771,0.01353,-0.00663,-0.38792,0.92157
138,-130.77561,524.04081,-1.19395,0.01338,-0.00601,-0.40467,0.91435
139,-126.98311,527.32589,-1.20514,0.01198,-0.00349,-0.40775,0.91301
140,-124.43375,529.52217,-1.18427,0.01430,-0.00020,-0.40770,0.91300
141,-123.24002,530.56075,-1.16834,0.01500,0.00088,-0.40771,0.91299
142,-123.03557,530.74765,-1.12635,0.01460,-0.00065,-0.40775,0.91298
143,-123.04194,530.74844,-1.09435,0.01451,-0.00076,-0.40772,0.91299
144,-123.04689,530.74988,-1.05535,0.01449,-0.00076,-0.40771,0.91299
145,-123.05123,530.75153,-0.98635,0.01446,-0.00076,-0.40772,0.91299
146,-123.05544,530.75424,-0.84235,0.01451,-0.00079,-0.40774,0.91298
147,-123.06159,530.76030,-0.52635,0.01448,-0.00077,-0.40773,0.91299
148,-123.07630,530.77613,-0.41035,0.01449,-0.00076,-0.40774,0.91298
149,-123.07653,530.77634,-0.40935,0.01447,-0.00074,-0.40776,0.91298
150,-123.07653,530.77634,-0.40935,0.01452,-0.00077,-0.40777,0.91297
151,-123.07653,530.77634,-0.40935,0.01451,-0.00075,-0.40777,0.91297
152,-123.07653,530.77634,-0.41035,0.01448,-0.00073,-0.40778,0.91297
153,-123.07653,530.77634,-0.41035,0.01448,-0.00075,-0.40779,0.91296
154,-123.07653,530.77634,-0.41035,0.01447,-0.00074,-0.40780,0.91296
155,-123.07653,530.77634,-0.41035,0.01448,-0.00075,-0.40781,0.91295
156,-123.07653,530.77634,-0.41035,0.01447,-0.00075,-0.40782,0.91295
157,-123.07653,530.77634,-0.41035,0.01447,-0.00075,-0.40783,0.91294
158,-123.07653,530.77634,-0.41035,0.01447,-0.00075,-0.40783,0.91294
159,-123.07653,530.77634,-0.41035,0.01448,-0.00076,-0.40784,0.91294
160,-123.07653,530.77634,-0.41035,0.01446,-0.00076,-0.40785,0.91294
161,-123.07653,530.77634,-0.41035,0.01449,-0.00076,-0.40786,0.91293
162,-123.07653,530.77634,-0.41035,0.01449,-0.00077,-0.40787,0.91293
163,-123.07653,530.77634,-0.41035,0.01448,-0.00078,-0.40787,0.91292
164,-123.07675,530.77654,-0.40935,0.01448,-0.00078,-0.40788,0.91292
165,-123.07675,530.77654,-0.40935,0.01448,-0.00078,-0.40789,0.91292
166,-123.07675,530.77654,-0.40935,0.01445,-0.00076,-0.40790,0.91291
167,-123.07675,530.77654,-0.40835,0.01452,-0.00078,-0.40791,0.91291
168,-123.07675,530.77655,-0.40735,0.01448,-0.00078,-0.40792,0.91290
169,-123.07675,530.77655,-0.40635,0.01451,-0.00078,-0.40793,0.91290
170,-123.07675,530.77655,-0.40535,0.01451,-0.00077,-0.40794,0.91289
171,-123.07675,530.77655,-0.40435,0.01450,-0.00079,-0.40794,0.91289
172,-123.07675,530.77655,-0.40335,0.01452,-0.00079,-0.40796,0.91288
173,-123.07698,530.77675,-0.40135,0.01454,-0.00078,-0.40795,0.91289
174,-123.07698,530.77675,-0.40035,0.01452,-0.00078,-0.40796,0.91288
175,-123.07698,530.77675,-0.39835,0.01454,-0.00077,-0.40797,0.91288
176,-123.07698,530.77675,-0.39535,0.01452,-0.00079,-0.40798,0.91287
177,-123.07721,530.77696,-0.39335,0.01453,-0.00078,-0.40799,0.91287
178,-123.07721,530.77696,-0.39035,0.01452,-0.00077,-0.40799,0.91287
179,-123.07721,530.77696,-0.38635,0.01454,-0.00079,-0.40801,0.91286
180,-123.07744,530.77717,-0.38335,0.01453,-0.00078,-0.40801,0.91286
181,-123.07744,530.77717,-0.37835,0.01453,-0.00080,-0.40801,0.91286
182,-123.07766,530.77738,-0.37335,0.01452,-0.00079,-0.40803,0.91285
183,-123.07789,530.77759,-0.36835,0.01453,-0.00082,-0.40804,0.91285
184,-123.07789,530.77759,-0.36235,0.01454,-0.00079,-0.40804,0.91285
185,-123.07812,530.77780,-0.35435,0.01452,-0.00082,-0.40806,0.91284
186,-123.07834,530.77801,-0.34635,0.01453,-0.00081,-0.40806,0.91284
187,-123.07857,530.77821,-0.33735,0.01453,-0.00082,-0.40806,0.91284
188,-123.07902,530.77863,-0.32635,0.01453,-0.00080,-0.40806,0.91284
189,-123.07970,530.77926,-0.30135,0.01452,-0.00084,-0.40807,0.91284
190,-123.08702,530.78676,-0.20935,0.01452,-0.00083,-0.40807,0.91284
191,-123.06366,530.82087,-0.15136,0.01447,-0.00068,-0.40812,0.91282
192,-122.86902,531.00163,-0.12337,0.01345,-0.00138,-0.40815,0.91281
193,-122.36643,531.44251,-0.11639,0.01344,-0.00053,-0.40817,0.91281
194,-121.35020,532.31492,-0.11945,0.01265,-0.00341,-0.40763,0.91305
195,-120.84627,532.74952,-0.13447,0.01313,-0.00070,-0.40761,0.91306
196,-120.14137,533.35402,-0.15351,0.01384,0.00103,-0.40792,0.91291
197,-118.48555,534.77158,-0.17260,0.01554,0.00106,-0.40620,0.91365
198,-115.76440,537.22744,-0.19276,0.01922,-0.00150,-0.38663,0.92203
199,-112.06090,540.88824,-0.23200,0.01970,-0.00338,-0.37221,0.92793
200,-107.81585,545.18570,-0.24829,0.01402,-0.00547,-0.37058,0.92868
201,-103.63805,549.36345,-0.29658,0.00850,0.00040,-0.37775,0.92587
202,-99.42382,553.40483,-0.33686,0.00189,0.00920,-0.39361,0.91923
203,-94.87110,557.37106,-0.32814,-0.00841,0.00918,-0.41621,0.90918
204,-89.83826,561.00751,-0.29138,-0.01066,0.00951,-0.47992,0.87719
205,-83.87087,563.31299,-0.22250,0.00789,0.00683,-0.60893,0.79315
206,-77.17039,563.89548,-0.18647,-0.00354,0.01622,-0.71482,0.69911
207,-70.25824,562.41372,-0.21226,-0.01052,0.01360,-0.81445,0.57998
208,-63.97823,558.81564,-0.27387,-0.00385,0.01910,-0.89135,0.45289
209,-58.51575,553.70409,-0.28837,-0.00364,0.01406,-0.92741,0.37377
210,-53.32326,547.75411,-0.31981,-0.00059,0.01657,-0.93613,0.35126
211,-47.82857,541.16755,-0.34020,-0.00070,0.01758,-0.93834,0.34526
212,-41.96887,533.99788,-0.36155,0.00150,0.01421,-0.93918,0.34313
213,-35.77151,526.34360,-0.38587,0.00072,0.01524,-0.94042,0.33968
214,-29.54293,518.43033,-0.39119,0.00151,0.00827,-0.94422,0.32920
215,-23.75187,510.56888,-0.42053,-0.00100,0.00896,-0.95012,0.31177
216,-18.28412,502.72086,-0.44289,0.00395,0.00819,-0.95274,0.30364
217,-12.63854,494.48245,-0.46522,0.00445,0.00573,-0.95095,0.30927
218,-6.32137,485.89863,-0.46055,0.00538,0.00358,-0.94489,0.32731
219,0.37139,477.07626,-0.48788,0.00376,0.00470,-0.94490,0.32729
220,7.04747,468.48597,-0.50825,0.00004,0.00549,-0.94224,0.33490
221,13.33026,460.60766,-0.52768,-0.00004,0.00533,-0.94118,0.33785
222,18.65515,453.92248,-0.55521,0.00230,0.00492,-0.94245,0.33432
223,22.98833,448.44045,-0.57284,0.00152,0.00410,-0.94142,0.33721
224,27.17473,443.46135,-0.60250,0.00114,0.00869,-0.93671,0.34999
225,31.22127,438.66650,-0.61419,0.00289,0.00722,-0.93804,0.34643
226,35.35522,433.66754,-0.64087,0.00242,0.00649,-0.93966,0.34204
227,39.92273,428.09056,-0.65551,0.00489,0.00418,-0.93943,0.34267
228,44.74468,422.22537,-0.65215,0.00418,0.00617,-0.93953,0.34239
229,49.43020,416.46398,-0.65181,0.00359,0.00209,-0.94078,0.33900
230,54.06367,410.60856,-0.63547,0.00409,0.00474,-0.94338,0.33166
231,58.76251,404.63102,-0.63312,0.00429,0.00572,-0.94331,0.33183
232,63.36667,398.76094,-0.62780,0.00221,0.00535,-0.94277,0.33340
233,68.13242,392.76668,-0.61047,0.00163,0.00160,-0.93989,0.34146
234,73.02236,386.74355,-0.59716,0.00446,0.00138,-0.94109,0.33812
235,77.82489,380.80258,-0.57785,0.00467,0.00642,-0.94024,0.34041
236,82.81410,374.57961,-0.53155,0.00622,0.00874,-0.94229,0.33462
237,87.83115,367.97567,-0.51523,0.00054,0.01015,-0.94800,0.31811
238,92.87864,360.88350,-0.50589,-0.00064,0.01681,-0.95346,0.30106
239,97.87034,353.15222,-0.48954,0.00112,0.01487,-0.95845,0.28487
240,102.94598,344.88091,-0.49016,0.00339,0.01467,-0.96108,0.27585
241,108.09926,336.25287,-0.44678,-0.00105,0.00958,-0.96142,0.27493
242,113.13889,327.83629,-0.45143,-0.00124,0.01022,-0.96104,0.27621
243,117.99093,319.75850,-0.44011,0.00045,0.00694,-0.96131,0.27539
244,122.68855,311.93191,-0.40981,0.00243,0.00449,-0.96088,0.27691
245,127.09152,304.54581,-0.40954,-0.00180,0.01659,-0.96461,0.26315
246,130.73227,297.86408,-0.38630,0.00069,0.01522,-0.96706,0.25410
247,133.64309,292.74043,-0.33812,-0.00305,0.01570,-0.96239,0.27120
248,135.61284,289.44703,-0.29901,-0.00334,0.01517,-0.96115,0.27558
249,136.72086,287.61083,-0.26495,-0.00081,0.01642,-0.96120,0.27535
250,137.17092,286.86152,-0.22393,-0.00017,0.01623,-0.96126,0.27517
251,137.22735,286.76741,-0.17892,0.00064,0.01638,-0.96126,0.27517
252,137.22263,286.76591,-0.12892,0.00065,0.01639,-0.96126,0.27517
253,137.21408,286.75978,-0.05892,0.00063,0.01639,-0.96126,0.27517
254,137.20459,286.75217,0.04108,0.00064,0.01640,-0.96126,0.27517
255,137.20301,286.75363,0.04308,0.00063,0.01639,-0.96126,0.27516
256,137.20145,286.75466,0.04108,0.00063,0.01640,-0.96126,0.27516
257,137.20055,286.75550,0.03908,0.00063,0.01640,-0.96126,0.27516
258,137.19987,286.75612,0.03708,0.00065,0.01640,-0.96126,0.27516
259,137.19987,286.75612,0.03508,0.00063,0.01640,-0.96126,0.27516
260,137.20077,286.75529,0.03308,0.00062,0.01638,-0.96126,0.27515
261,137.20103,286.75466,0.03208,0.00060,0.01641,-0.96126,0.27515
262,137.19913,286.75213,0.03408,0.00061,0.01638,-0.96126,0.27515
263,137.19245,286.74622,0.06008,0.00061,0.01638,-0.96126,0.27515
264,137.18293,286.73903,0.08208,0.00058,0.01638,-0.96126,0.27515
265,137.16514,286.73010,0.09308,0.00060,0.01636,-0.96126,0.27515
266,137.17779,286.64470,0.09208,0.00111,0.01634,-0.96125,0.27519
267,137.49997,285.96803,0.08511,0.00290,0.01587,-0.96135,0.27485
268,138.57018,284.09426,0.07917,0.00078,0.01526,-0.96067,0.27727
269,140.31351,281.15466,0.06626,0.00273,0.01179,-0.95962,0.28103
270,142.67387,277.24962,0.05138,0.00576,0.00581,-0.95884,0.28382
271,145.56706,272.57449,0.04652,0.00242,0.01103,-0.95937,0.28192
272,148.69671,267.37903,0.03466,0.00393,0.00803,-0.96005,0.27967
273,152.18550,261.56313,0.02982,-0.00012,0.01367,-0.96266,0.27037
274,155.88989,255.00171,-0.01300,0.00041,0.00960,-0.96368,0.26689
275,159.91107,247.93019,-0.05282,0.00336,0.00700,-0.96362,0.26717
276,164.21607,240.39044,-0.09464,0.00334,0.00627,-0.96344,0.26782
277,168.76838,232.38179,-0.13046,0.00526,0.00375,-0.96383,0.26645
278,173.54386,223.91980,-0.15129,0.00321,0.00568,-0.96532,0.26098
279,178.35358,215.01192,-0.16511,0.00470,0.00240,-0.96673,0.25576
280,183.40877,206.00625,-0.17296,0.00228,0.00272,-0.96294,0.26969
281,188.70172,196.91801,-0.17683,0.00295,0.00388,-0.96284,0.27001
282,193.90772,187.80234,-0.19671,0.00402,0.00394,-0.96428,0.26482
283,198.96343,178.77174,-0.19561,0.00320,0.00268,-0.96457,0.26380
284,204.02073,169.85116,-0.20052,0.00096,0.00254,-0.96381,0.26659
285,209.04511,161.03848,-0.19846,0.00192,0.00256,-0.96357,0.26742
286,213.92773,152.46347,-0.20341,0.00328,0.00333,-0.96408,0.26556
287,218.56106,144.32655,-0.20238,0.00038,0.00473,-0.96337,0.26812
288,222.80159,136.87941,-0.19736,0.00259,0.00763,-0.96442,0.26425
289,226.54256,130.12445,-0.19735,0.00249,0.00870,-0.96532,0.26092
290,229.98887,124.02245,-0.19135,0.00217,0.01212,-0.96323,0.26838
291,233.03570,118.70532,-0.16136,0.00348,0.00804,-0.96261,0.27076
292,235.49826,114.40435,-0.13338,0.00128,0.00489,-0.96370,0.26694
293,237.33363,111.13601,-0.12339,0.00120,0.00768,-0.96455,0.26377
294,238.56405,108.89814,-0.09939,0.00513,0.00746,-0.96472,0.26313
295,239.51336,107.17377,-0.07240,0.00231,0.00606,-0.96469,0.26330
296,240.22002,105.88334,-0.05641,0.00189,0.00425,-0.96446,0.26418
297,240.68246,105.05198,-0.04241,0.00214,0.00540,-0.96425,0.26493
298,240.89317,104.65511,-0.02941,0.00245,0.00448,-0.96420,0.26513
299,240.90965,104.60892,-0.01841,0.00296,0.00443,-0.96422,0.26506
300,240.90341,104.60804,-0.01341,0.00288,0.00441,-0.96421,0.26509
301,240.88351,104.62320,-0.00841,0.00291,0.00438,-0.96421,0.26508
302,240.88137,104.62360,0.01359,0.00289,0.00439,-0.96421,0.26509
303,240.88137,104.62360,0.01159,0.00290,0.00439,-0.96421,0.26509
304,240.88137,104.62360,0.01159,0.00293,0.00439,-0.96421,0.26509
305,240.88137,104.62360,0.01159,0.00292,0.00435,-0.96421,0.26509
306,240.88137,104.62360,0.01159,0.00293,0.00438,-0.96421,0.26510
307,240.88137,104.62360,0.01259,0.00289,0.00434,-0.96421,0.26510
308,240.88076,104.62339,0.01659,0.00290,0.00436,-0.96421,0.26510
309,240.88455,104.61797,0.01359,0.00325,0.00441,-0.96421,0.26510
310,240.90971,104.57896,0.01859,0.00325,0.00442,-0.96419,0.26515
311,241.03453,104.36694,0.01859,0.00296,0.00432,-0.96425,0.26494
312,241.13521,104.20232,0.01059,0.00307,0.00473,-0.96432,0.26467
313,241.22474,104.05647,-0.00141,0.00325,0.00482,-0.96435,0.26458
314,241.37943,103.79102,-0.01941,0.00398,0.00495,-0.96444,0.26424
315,241.71139,103.20873,-0.03942,0.00371,0.00518,-0.96458,0.26370
316,242.25332,102.23879,-0.06342,0.00543,0.00447,-0.96479,0.26293
317,243.23827,100.47318,-0.08543,0.00349,0.00497,-0.96555,0.26013
318,244.70631,97.79044,-0.11345,0.00589,0.00573,-0.96650,0.25655
319,246.68768,94.12751,-0.12647,0.00588,0.00692,-0.96698,0.25471
320,249.17812,89.49293,-0.14650,0.00374,0.00539,-0.96722,0.25385
321,252.03621,84.04016,-0.17454,0.00734,0.00408,-0.96928,0.24583
322,255.15959,77.87282,-0.17758,0.00522,0.00331,-0.97145,0.23718
323,258.44854,71.07424,-0.19364,0.00835,0.00355,-0.97286,0.23122
324,261.87595,63.82506,-0.17870,0.00735,0.00368,-0.97385,0.22703
325,265.37278,56.24844,-0.15978,0.00628,0.00516,-0.97521,0.22115
326,268.79005,48.58828,-0.19286,0.00470,0.00273,-0.97658,0.21510
327,272.01591,40.86872,-0.16194,0.00088,0.00074,-0.98005,0.19873
328,274.79486,33.17892,-0.13102,0.00021,-0.00470,-0.98623,0.16531
329,276.86205,25.70203,-0.09007,0.00791,-0.01108,-0.99139,0.13020
330,278.10102,18.91625,-0.10010,0.00202,-0.00442,-0.99856,0.05349
331,277.36855,12.58470,-0.11206,-0.00069,-0.00230,-0.99126,-0.13188
332,274.33766,7.08624,-0.14192,-0.00038,-0.00162,-0.94804,-0.31815
333,269.28145,2.61117,-0.21970,-0.00313,-0.00191,-0.89082,-0.45435
334,262.59000,-1.21977,-0.39942,-0.00484,0.00749,-0.85503,-0.51849
335,254.54461,-4.94081,-0.50610,0.01073,0.00114,-0.84378,-0.53659
336,245.51696,-8.86346,-0.50675,0.00939,0.01071,-0.83753,-0.54621
337,235.83436,-12.89257,-0.51039,0.01099,0.00438,-0.84052,-0.54166
338,225.73886,-17.40132,-0.48703,0.01110,0.00587,-0.84497,-0.53467
339,215.35595,-21.99675,-0.46569,0.01214,0.00291,-0.84072,-0.54132
340,205.08660,-26.37515,-0.39036,0.00849,0.00054,-0.83996,-0.54258
341,194.90645,-30.71730,-0.34106,0.00932,-0.00059,-0.83920,-0.54374
342,184.61156,-35.15813,-0.24778,0.02022,0.00353,-0.84218,-0.53880
343,174.22768,-39.77834,0.02649,0.02040,-0.00442,-0.84705,-0.53110
344,163.94184,-44.82996,0.43673,0.02293,-0.00466,-0.85962,-0.51040
345,153.89077,-50.39100,0.93694,0.03332,-0.00268,-0.87082,-0.49047
346,144.08467,-56.31704,1.47812,0.02696,0.00289,-0.87940,-0.47530
347,134.68105,-62.61155,1.95026,0.03034,0.00756,-0.89082,-0.45327
348,125.65533,-69.13663,2.27638,0.01496,-0.00189,-0.90009,-0.43544
349,117.11107,-75.91816,2.31947,0.00828,0.00973,-0.90783,-0.41914
350,109.24837,-82.63976,2.23752,-0.00021,0.01215,-0.91642,-0.40004
351,102.24405,-89.21470,1.99055,-0.00501,0.01956,-0.92461,-0.38039
352,95.93809,-95.67909,1.65955,-0.00676,0.03489,-0.93084,-0.36369
353,90.22939,-101.77822,1.25354,-0.01257,0.04048,-0.93182,-0.36044
354,84.98029,-107.13525,0.83753,-0.01196,0.03591,-0.92121,-0.38721
355,79.56695,-111.41596,0.49252,-0.01721,0.02008,-0.89060,-0.45401
356,73.41687,-114.79663,0.12254,-0.03006,-0.00562,-0.85129,-0.52380
357,66.57158,-117.38490,-0.37643,-0.04561,-0.01491,-0.81174,-0.58204
358,59.09456,-118.71889,-0.84538,-0.04083,-0.01475,-0.73503,-0.67664
359,51.38428,-117.88700,-1.18830,-0.03555,-0.01508,-0.62347,-0.78089
360,44.27885,-114.82105,-1.35219,-0.02670,-0.02230,-0.50777,-0.86079
361,38.09873,-110.54997,-1.28208,-0.02264,-0.03340,-0.45355,-0.89032
362,32.57261,-106.20303,-1.01897,-0.01286,-0.03599,-0.43769,-0.89832
363,27.62127,-102.13868,-0.70988,-0.00185,-0.02392,-0.43110,-0.90198
364,23.12853,-98.40301,-0.55180,0.00182,-0.00747,-0.43100,-0.90232
365,19.29170,-95.15451,-0.52074,0.00497,-0.00601,-0.43001,-0.90279
366,16.24014,-92.61982,-0.47470,0.00861,-0.00591,-0.43436,-0.90068
367,14.12721,-90.75555,-0.43966,0.00839,-0.00545,-0.41439,-0.91004
368,12.99784,-89.62465,-0.42864,-0.00720,0.00441,0.39947,0.91671
369,12.49058,-89.09557,-0.42664,-0.00733,0.00439,0.39323,0.91940
370,12.31679,-88.90506,-0.43463,-0.00756,0.00379,0.39137,0.92019
371,12.32240,-88.89622,-0.44663,-0.00775,0.00414,0.39136,0.92019
372,12.32549,-88.88740,-0.46063,-0.00781,0.00416,0.39136,0.92019
373,12.32867,-88.87983,-0.47563,-0.00781,0.00418,0.39136,0.92019
374,12.33131,-88.87332,-0.49163,-0.00781,0.00416,0.39136,0.92019
375,12.29573,-88.83019,-0.50863,-0.00809,0.00453,0.39092,0.92038
376,12.01842,-88.54005,-0.52163,-0.00836,0.00509,0.38790,0.92165
377,11.15759,-87.62832,-0.52961,-0.00845,0.00706,0.38016,0.92486
378,9.44830,-85.73039,-0.52458,-0.00974,0.00713,0.35891,0.93329
379,7.18166,-82.67048,-0.51254,-0.00479,0.00599,0.30270,0.95306
380,4.75355,-78.20042,-0.60148,0.00145,-0.00692,0.22569,0.97417
381,2.58615,-72.26546,-0.74441,-0.00596,-0.00476,0.15576,0.98777
382,0.96554,-65.34365,-0.60034,-0.01150,0.03058,0.10132,0.99432
383,0.05667,-57.85900,-0.31826,-0.01259,0.01944,0.04400,0.99876
384,-0.25897,-50.04578,-0.22220,-0.01463,0.00150,0.01857,0.99972
385,-0.24023,-42.26392,-0.24414,-0.01373,0.00210,0.00490,0.99989
386,-0.19322,-34.64782,-0.31009,-0.00957,0.00184,0.00783,0.99992
387,-0.13564,-27.19175,-0.38006,-0.01530,0.00074,0.00149,0.99988
388,0.02540,-19.91682,-0.42903,-0.01593,0.00211,-0.00275,0.99987
389,0.12565,-12.84831,-0.42801,-0.01691,0.00213,0.00513,0.99984
390,0.20215,-6.17014,-0.41400,-0.01655,0.00293,0.00336,0.99985
391,0.28301,-0.31442,-0.39700,-0.01653,0.00077,0.00100,0.99986
392,0.37863,4.33527,-0.37700,-0.01071,0.00582,0.00191,0.99992
393,0.41004,7.44621,-0.33900,-0.01279,0.00288,0.00288,0.99991
394,0.43337,8.94904,-0.31601,-0.01097,0.00405,0.00267,0.99993
395,0.43102,9.26816,-0.29201,-0.01149,0.00500,0.00218,0.99992
396,0.42805,9.25263,-0.27401,-0.01144,0.00531,0.00220,0.99992
397,0.43068,9.24867,-0.28401,-0.01146,0.00531,0.00219,0.99992
398,0.43442,9.24912,-0.29701,-0.01146,0.00530,0.00218,0.99992
399,0.43410,9.24786,-0.29601,-0.01145,0.00530,0.00218,0.99992
400,0.43410,9.24786,-0.29601,-0.01145,0.00531,0.00219,0.99992
401,0.43410,9.24786,-0.29601,-0.01145,0.00531,0.00218,0.99992
402,0.43410,9.24786,-0.29601,-0.01145,0.00529,0.00217,0.99992
403,0.43410,9.24786,-0.29601,-0.01146,0.00531,0.00217,0.99992
404,0.43410,9.24786,-0.29601,-0.01146,0.00532,0.00218,0.99992
405,0.43410,9.24786,-0.29601,-0.01146,0.00530,0.00217,0.99992
406,0.43410,9.24786,-0.29601,-0.01144,0.00528,0.00217,0.99992
407,0.43410,9.24786,-0.29501,-0.01149,0.00522,0.00216,0.99992
408,0.43410,9.24786,-0.29501,-0.01150,0.00520,0.00217,0.99992
409,0.43410,9.24786,-0.29501,-0.01147,0.00520,0.00217,0.99992
410,0.43410,9.24786,-0.29501,-0.01148,0.00520,0.00216,0.99992
411,0.43410,9.24786,-0.29501,-0.01146,0.00520,0.00215,0.99992
412,0.43410,9.24786,-0.29501,-0.01146,0.00522,0.00215,0.99992
413,0.43410,9.24786,-0.29501,-0.01153,0.00522,0.00216,0.99992
414,0.43410,9.24786,-0.29501,-0.01146,0.00521,0.00213,0.99992
415,0.43410,9.24786,-0.29401,-0.01141,0.00523,0.00213,0.99992
416,0.43410,9.24786,-0.29401,-0.01144,0.00522,0.00213,0.99992
417,0.43410,9.24786,-0.29401,-0.01149,0.00525,0.00214,0.99992
418,0.43410,9.24786,-0.29401,-0.01148,0.00525,0.00214,0.99992
419,0.43410,9.24786,-0.29401,-0.01148,0.00527,0.00213,0.99992
420,0.43410,9.24786,-0.29401,-0.01150,0.00529,0.00213,0.99992
421,0.43410,9.24786,-0.29401,-0.01146,0.00530,0.00213,0.99992
422,0.43410,9.24786,-0.29301,-0.01148,0.00532,0.00214,0.99992
423,0.43410,9.24786,-0.29301,-0.01148,0.00534,0.00213,0.99992
424,0.43410,9.24786,-0.29301,-0.01146,0.00532,0.00212,0.99992
425,0.43410,9.24786,-0.29301,-0.01146,0.00532,0.00212,0.99992
426,0.43410,9.24786,-0.29301,-0.01144,0.00532,0.00211,0.99992
427,0.43410,9.24786,-0.29301,-0.01144,0.00531,0.00211,0.99992
428,0.43410,9.24786,-0.29301,-0.01150,0.00532,0.00211,0.99992
429,0.43410,9.24786,-0.29301,-0.01147,0.00534,0.00211,0.99992
430,0.43410,9.24786,-0.29201,-0.01150,0.00532,0.00211,0.99992
431,0.43410,9.24786,-0.29201,-0.01150,0.00532,0.00210,0.99992
432,0.43410,9.24786,-0.29201,-0.01150,0.00530,0.00210,0.99992
433,0.43410,9.24786,-0.29201,-0.01154,0.00528,0.00210,0.99992
434,0.43410,9.24786,-0.29201,-0.01150,0.00526,0.00210,0.99992
435,0.43410,9.24786,-0.29201,-0.01153,0.00526,0.00210,0.99992
436,0.43410,9.24786,-0.29201,-0.01149,0.00526,0.00209,0.99992
437,0.43410,9.24786,-0.29201,-0.01152,0.00527,0.00209,0.99992
438,0.43410,9.24786,-0.29101,-0.01151,0.00524,0.00211,0.99992
439,0.43410,9.24786,-0.29101,-0.01148,0.00523,0.00209,0.99992
440,0.43410,9.24786,-0.29101,-0.01147,0.00523,0.00210,0.99992
441,0.43410,9.24786,-0.29101,-0.01149,0.00524,0.00210,0.99992
442,0.43410,9.24786,-0.29101,-0.01149,0.00522,0.00210,0.99992
443,0.43410,9.24786,-0.29101,-0.01152,0.00521,0.00209,0.99992
444,0.43410,9.24786,-0.29101,-0.01148,0.00524,0.00209,0.99992
445,0.43410,9.24786,-0.29001,-0.01150,0.00522,0.00211,0.99992
446,0.43410,9.24786,-0.29001,-0.01150,0.00525,0.00210,0.99992
447,0.43410,9.24786,-0.29001,-0.01148,0.00525,0.00210,0.99992
448,0.43410,9.24786,-0.29001,-0.01149,0.00525,0.00209,0.99992
449,0.43410,9.24786,-0.29001,-0.01151,0.00523,0.00209,0.99992
450,0.43879,9.24977,-0.29301,-0.01152,0.00524,0.00210,0.99992
451,0.44270,9.24813,-0.30401,-0.01154,0.00525,0.00209,0.99992
452,0.44581,9.24605,-0.31701,-0.01151,0.00520,0.00210,0.99992
453,0.44975,9.24399,-0.33001,-0.01153,0.00524,0.00210,0.99992
454,0.45431,9.24213,-0.34301,-0.01156,0.00522,0.00209,0.99992
455,0.45975,9.23986,-0.35701,-0.01152,0.00520,0.00210,0.99992
456,0.46602,9.23760,-0.37201,-0.01154,0.00523,0.00211,0.99992
457,0.47291,9.23556,-0.39601,-0.01158,0.00517,0.00210,0.99992
458,0.48199,9.30414,-0.43201,-0.01169,0.00580,0.00200,0.99991
459,0.49693,9.91466,-0.47301,-0.01233,0.00764,0.00114,0.99989
460,0.54835,11.85396,-0.51801,-0.00974,0.00797,0.00003,0.99992
461,0.58314,14.87440,-0.54502,-0.00675,0.00487,0.01310,0.99988
462,0.27503,18.25410,-0.56303,0.00132,0.00779,0.09443,0.99550
463,-1.26857,21.56430,-0.59304,0.00999,0.00206,0.31513,0.94900
464,-4.70979,23.68428,-0.65405,-0.00189,-0.00742,-0.57856,-0.81560
465,-9.53287,24.38130,-0.68305,0.00797,0.00157,-0.68411,-0.72933
466,-15.32003,24.58850,-0.71307,0.01416,0.00863,-0.70451,-0.70950
467,-21.99328,24.76261,-0.74709,0.01710,0.00533,-0.70009,-0.71383
468,-29.45413,25.26307,-0.77012,0.00728,0.00251,-0.68533,-0.72819
469,-37.58727,25.87885,-0.82016,0.01025,0.00030,-0.68890,-0.72478
470,-46.43422,26.43048,-0.83122,0.01089,0.00228,-0.69271,-0.72113
471,-55.96786,26.92612,-0.83830,0.01141,0.00339,-0.69759,-0.71640
472,-66.09677,27.34715,-0.85340,0.00235,-0.00262,-0.70215,-0.71202
473,-76.76543,27.63757,-0.87452,0.00665,-0.00978,-0.70608,-0.70804
474,-87.96325,27.83623,-0.88567,0.00144,-0.00307,-0.70876,-0.70544
475,-99.28434,27.95375,-0.90784,0.00528,0.00096,-0.70836,-0.70583
476,-110.10526,28.18921,-0.91602,0.00362,0.00040,-0.70648,-0.70772
477,-120.08581,28.37697,-0.92620,0.00459,0.00251,-0.70763,-0.70657
478,-129.32044,28.51783,-0.92238,0.00710,-0.00000,-0.70894,-0.70524
479,-137.70011,28.61506,-0.93456,0.00730,0.00464,-0.71017,-0.70397
480,-144.70172,28.75201,-0.93571,0.00778,0.00322,-0.69747,-0.71657
481,-150.28282,29.66973,-0.93185,0.00964,0.00185,-0.60794,-0.79392
482,-154.62939,32.00225,-0.89996,0.00827,-0.00437,-0.45763,-0.88909
483,-157.60872,35.53886,-0.86905,-0.00601,-0.00056,0.28237,0.95929
484,-159.09773,40.01789,-0.90412,-0.00883,-0.00603,0.09485,0.99543
485,-159.14504,45.15881,-0.97015,-0.01883,0.00046,-0.01721,0.99967
486,-158.73677,51.04748,-1.01519,-0.01435,0.00333,-0.02329,0.99962
487,-158.30059,57.77056,-1.05724,-0.01264,0.00620,-0.02321,0.99963
488,-157.79997,65.21179,-1.09330,-0.00834,0.00447,-0.01939,0.99977
489,-157.44130,73.25406,-1.09438,-0.01061,0.00487,-0.00885,0.99989
490,-157.10889,81.85375,-1.10447,-0.01247,0.00288,-0.00857,0.99988
491,-156.84235,90.97495,-1.13759,-0.01075,0.00453,-0.00120,0.99993
492,-156.69041,100.59869,-1.17273,-0.00784,0.00452,0.00493,0.99995
493,-156.53326,110.62668,-1.20390,-0.00593,0.00176,0.00136,0.99998
494,-156.41960,120.78470,-1.25208,-0.01454,0.00559,0.00509,0.99987
495,-156.33164,130.94610,-1.29828,-0.01262,0.00444,0.00674,0.99989
496,-156.22901,140.89828,-1.31449,-0.01390,0.00008,0.00340,0.99990
497,-156.06925,150.58829,-1.32971,-0.01213,0.00514,0.00137,0.99991
498,-155.84860,160.05620,-1.32993,-0.01624,0.00871,-0.00638,0.99981
499,-155.36405,169.26258,-1.27916,-0.01067,0.00050,-0.02357,0.99967
500,-154.61751,178.16529,-1.27239,-0.00394,0.00630,-0.03261,0.99944
501,-154.00481,186.80972,-1.24562,-0.00084,0.00540,-0.01644,0.99985
502,-153.66890,194.85625,-1.23285,0.00684,0.00342,-0.00253,0.99997
503,-153.52464,202.18518,-1.20408,0.00650,0.00686,0.00173,0.99995
504,-153.38748,209.21337,-1.16930,0.00643,0.00274,-0.00052,0.99998
505,-153.21800,215.91824,-1.12352,-0.00812,0.00714,-0.00825,0.99991
506,-152.90352,222.29703,-1.04374,0.01096,0.00096,-0.00881,0.99990
507,-152.70118,228.34520,-1.02694,0.00904,0.00447,-0.00218,0.99995
508,-152.61505,234.09017,-0.97915,0.00630,0.00498,0.00308,0.99996
509,-152.53592,239.52265,-0.94635,0.00310,0.00282,0.00376,0.99998
510,-152.48188,244.65342,-0.93155,0.00141,0.00521,0.00593,0.99997
511,-152.42937,249.47949,-0.90673,0.00260,0.00486,0.00612,0.99997
512,-152.39552,253.82431,-0.88890,0.00025,0.00444,0.00680,0.99997
513,-152.37179,257.30906,-0.87004,-0.00132,0.00587,0.00725,0.99996
514,-152.35453,259.76531,-0.84614,-0.00220,0.00828,0.00776,0.99993
515,-152.34480,261.34747,-0.82821,-0.00367,0.00528,0.00818,0.99995
516,-152.33597,262.32214,-0.81825,-0.00401,0.00407,0.00840,0.99995
517,-152.32948,262.82972,-0.81627,-0.00440,0.00380,0.00844,0.99995
518,-152.32360,262.94396,-0.81627,-0.00453,0.00415,0.00844,0.99995
519,-152.31726,263.13742,-0.81928,-0.00454,0.00466,0.00848,0.99994
520,-152.31360,263.96496,-0.82032,-0.00578,0.00742,0.00842,0.99992
521,-152.30763,266.09129,-0.82040,-0.00654,0.00902,0.00876,0.99990
522,-152.30988,269.35982,-0.81054,-0.00764,0.00778,0.00974,0.99989
523,-152.31798,273.70350,-0.80673,-0.00693,0.00765,0.01073,0.99989
524,-152.33513,278.99554,-0.78896,-0.00539,0.00714,0.01221,0.99989
525,-152.40313,285.09482,-0.76523,-0.00393,0.00870,0.01828,0.99979
526,-152.60939,291.98753,-0.74255,-0.00237,0.00519,0.02982,0.99954
527,-153.08786,299.64002,-0.77592,0.00022,0.00377,0.05205,0.99864
528,-153.98284,307.97102,-0.79534,-0.00531,0.00270,0.06750,0.99770
529,-155.01812,316.82658,-0.79880,-0.01227,0.00219,0.06078,0.99807
530,-155.67458,325.88619,-0.77427,-0.01497,0.00582,0.03023,0.99941
531,-155.76800,335.05583,-0.73775,-0.01295,0.00654,0.00597,0.99988
532,-155.62900,344.39370,-0.70925,-0.01188,0.00536,-0.00149,0.99991
533,-155.33035,353.91606,-0.65576,-0.01269,0.00693,-0.00853,0.99986
534,-154.90793,363.61972,-0.61230,-0.01690,0.00981,-0.01817,0.99964
535,-154.14201,373.48758,-0.53885,-0.01121,0.00581,-0.03843,0.99918
536,-153.10599,383.53106,-0.55343,-0.00850,0.00434,-0.04038,0.99914
537,-152.25643,393.72347,-0.55303,-0.00239,0.00351,-0.01878,0.99981
538,-151.85813,403.80394,-0.58565,0.00114,0.00240,-0.00112,1.00000
539,-151.71237,413.75292,-0.65329,-0.00660,-0.00421,0.00392,0.99996
540,-151.71211,423.53239,-0.69493,0.00081,0.00192,0.01623,0.99987
541,-151.86516,433.12973,-0.69158,0.00111,0.00041,0.01887,0.99982
542,-152.06100,442.57715,-0.75524,-0.00558,0.00062,0.02009,0.99978
543,-152.17410,451.83174,-0.70089,0.00406,0.00448,0.01304,0.99990
544,-152.06937,460.63672,-0.66752,0.00947,0.00176,-0.00063,0.99995
545,-151.88315,468.42260,-0.67408,0.00858,0.00422,-0.00046,0.99995
546,-151.52222,475.64771,-0.64061,0.01083,0.00194,-0.03112,0.99945
547,-150.67034,482.67177,-0.66112,0.01877,0.00180,-0.05456,0.99833
548,-149.72743,489.59756,-0.64963,0.02029,0.00726,-0.05489,0.99826
549,-148.87863,496.25426,-0.60312,0.01883,0.00196,-0.05703,0.99819
550,-147.76120,502.15135,-0.57356,0.01988,0.00532,-0.11159,0.99354
551,-145.97833,506.90962,-0.55190,0.02276,-0.00414,-0.21295,0.97679
552,-143.66119,510.39614,-0.56312,0.01858,-0.00965,-0.31753,0.94802
553,-141.46833,512.73575,-0.59426,0.01680,-0.01295,-0.37354,0.92737
554,-139.62008,514.48681,-0.61436,0.01999,-0.00783,-0.38519,0.92259
555,-138.10180,515.94239,-0.61244,0.01875,-0.01083,-0.38268,0.92363
556,-136.97415,517.05908,-0.60651,0.01891,-0.00407,-0.37869,0.92532
557,-136.26511,517.77048,-0.59855,0.02018,-0.00074,-0.37534,0.92667
558,-136.07724,517.95978,-0.58856,0.02034,0.00000,-0.37475,0.92690
559,-136.07973,517.95662,-0.57556,0.02060,0.00025,-0.37476,0.92689
560,-136.07995,517.95683,-0.57056,0.02061,0.00026,-0.37477,0.92689
561,-136.07971,517.94845,-0.58156,0.02063,0.00024,-0.37478,0.92689
562,-136.07738,517.93232,-0.60156,0.02061,0.00025,-0.37478,0.92688
563,-136.07741,517.92729,-0.60956,0.02061,0.00024,-0.37478,0.92689
564,-136.07737,517.92688,-0.60956,0.02061,0.00025,-0.37478,0.92689
565,-136.07757,517.92667,-0.61056,0.02061,0.00023,-0.37478,0.92688
566,-136.07734,517.92646,-0.61056,0.02062,0.00024,-0.37479,0.92688
567,-136.07753,517.92625,-0.61056,0.02062,0.00025,-0.37480,0.92688
568,-136.07731,517.92604,-0.61056,0.02063,0.00024,-0.37480,0.92688
569,-136.07727,517.92562,-0.61156,0.02064,0.00025,-0.37480,0.92688
570,-136.07724,517.92520,-0.61156,0.02063,0.00026,-0.37481,0.92687
571,-136.07721,517.92478,-0.61256,0.02063,0.00026,-0.37481,0.92687
572,-136.07717,517.92436,-0.61256,0.02062,0.00027,-0.37483,0.92687
573,-136.07714,517.92394,-0.61356,0.02062,0.00026,-0.37482,0.92687
574,-136.07707,517.92311,-0.61456,0.02062,0.00027,-0.37483,0.92686
575,-136.07701,517.92227,-0.61556,0.02064,0.00025,-0.37483,0.92686
576,-136.07671,517.92122,-0.61656,0.02064,0.00025,-0.37483,0.92686
577,-136.07642,517.92018,-0.61756,0.02063,0.00027,-0.37484,0.92686
578,-136.07629,517.91850,-0.61856,0.02065,0.00027,-0.37484,0.92686
579,-136.07593,517.91662,-0.61956,0.02065,0.00026,-0.37484,0.92686
580,-136.07554,517.91432,-0.62056,0.02065,0.00026,-0.37485,0.92686
581,-136.07489,517.91139,-0.62156,0.02064,0.00026,-0.37485,0.92685
582,-136.07417,517.90762,-0.62356,0.02066,0.00027,-0.37486,0.92685
583,-136.07270,517.90239,-0.62456,0.02066,0.00028,-0.37486,0.92685
584,-136.07156,517.89590,-0.63356,0.02065,0.00029,-0.37487,0.92685
585,-136.07227,517.89422,-0.65856,0.02067,0.00029,-0.37486,0.92685
586,-135.99991,517.96535,-0.68556,0.02092,0.00085,-0.37469,0.92691
587,-135.63743,518.32812,-0.71558,0.02118,0.00224,-0.37390,0.92722
588,-134.71091,519.26108,-0.72664,0.01861,-0.00184,-0.37227,0.92794
589,-133.13064,520.86566,-0.75174,0.01526,-0.00260,-0.37125,0.92840
590,-130.79551,523.16332,-0.77988,0.01659,-0.00086,-0.37922,0.92516
591,-127.66656,526.13693,-0.80206,0.01387,-0.00302,-0.38862,0.92129
592,-123.84109,529.63493,-0.82727,0.01314,-0.00001,-0.39554,0.91835
593,-119.54943,533.53186,-0.83152,0.01486,0.00025,-0.39554,0.91833
594,-114.89212,537.77272,-0.83579,0.01847,-0.00381,-0.39278,0.91944
595,-110.01880,542.27495,-0.86708,0.01842,-0.00337,-0.39081,0.92028
596,-105.26734,546.74446,-0.88238,0.01813,-0.00499,-0.38561,0.92247
597,-100.70526,551.12903,-0.90468,0.00542,0.00235,-0.38892,0.92125
598,-96.20971,555.25454,-0.90397,-0.00547,0.00810,-0.40285,0.91522
599,-91.55996,559.10222,-0.87524,-0.00154,0.01194,-0.42704,0.90415
600,-86.51067,562.59461,-0.82848,-0.00106,0.01741,-0.49095,0.87102
601,-80.76804,564.61645,-0.72658,0.00489,0.00745,-0.62509,0.78050
602,-74.61063,564.73033,-0.71451,-0.01610,0.01764,-0.74613,0.66537
603,-68.52486,562.68910,-0.73626,-0.00971,0.01061,-0.84391,0.53629
604,-63.00540,558.73026,-0.75885,-0.00245,0.01838,-0.91077,0.41249
605,-58.23521,553.29322,-0.73633,-0.00121,0.01257,-0.94507,0.32663
606,-53.83068,547.05814,-0.71275,0.00038,0.01422,-0.95089,0.30920
607,-49.13500,540.40832,-0.69914,0.00194,0.00859,-0.94978,0.31278
608,-44.30782,533.62930,-0.69554,0.00588,0.00431,-0.94872,0.31603
609,-39.35490,526.99870,-0.67795,0.00246,0.00258,-0.94384,0.33038
610,-34.29584,520.48514,-0.66738,0.00199,0.00532,-0.94275,0.33344
611,-29.34447,514.09990,-0.67984,0.00006,-0.00256,-0.94147,0.33709
612,-24.48738,508.02959,-0.69533,0.00588,-0.00310,-0.93988,0.34144
613,-19.73105,502.09561,-0.67284,0.00720,0.00174,-0.94101,0.33829
614,-14.80160,495.93171,-0.65834,0.00140,0.00476,-0.94075,0.33907
615,-9.51481,489.36927,-0.63882,0.00331,0.00804,-0.93952,0.34238
616,-3.81381,482.30599,-0.62728,0.00407,0.00310,-0.93892,0.34411
617,2.29840,474.79822,-0.61171,0.00270,0.00555,-0.93909,0.34362
618,8.65306,466.92546,-0.60413,0.00269,0.00614,-0.93899,0.34389
619,15.16304,458.89894,-0.58156,0.00222,0.00723,-0.93895,0.34397
620,21.57488,450.89331,-0.55800,0.00158,0.00796,-0.94068,0.33920
621,27.71916,443.09198,-0.56248,0.00270,0.00839,-0.94095,0.33843
622,33.69851,435.51812,-0.51498,0.00195,0.00571,-0.94068,0.33924
623,39.55918,428.14249,-0.49952,0.00229,0.00459,-0.94008,0.34091
624,45.34979,420.92709,-0.47207,0.00300,0.00644,-0.93980,0.34166
625,51.02622,413.73876,-0.44964,0.00462,0.00455,-0.94171,0.33637
626,56.59548,406.51824,-0.41522,0.00228,0.00433,-0.94390,0.33020
627,62.21889,399.19521,-0.39981,0.00224,0.00409,-0.94346,0.33145
628,68.01606,391.70305,-0.38341,0.00242,0.00107,-0.94206,0.33542
629,74.00898,384.13578,-0.36301,0.00516,0.00347,-0.94104,0.33824
630,80.10816,376.54601,-0.31663,0.00994,0.00361,-0.93981,0.34152
631,86.18488,368.82574,-0.25226,-0.00285,0.01398,-0.94579,0.32445
632,91.87430,360.72430,-0.24787,-0.00080,0.01652,-0.95433,0.29829
633,97.09769,352.42930,-0.23448,0.00012,0.01491,-0.96022,0.27886
634,102.03866,344.20774,-0.24611,0.00236,0.01412,-0.96097,0.27628
635,106.86615,336.16372,-0.21976,-0.00110,0.01080,-0.96077,0.27713
636,111.59984,328.32229,-0.24243,-0.00090,0.00918,-0.96066,0.27756
637,116.17645,320.67548,-0.25312,0.00239,0.00828,-0.96180,0.27362
638,120.53580,313.31463,-0.23784,0.00031,0.00577,-0.96157,0.27449
639,124.34121,306.98253,-0.24860,-0.00304,0.00887,-0.96132,0.27527
640,127.20829,302.12742,-0.26243,-0.00361,0.01473,-0.96393,0.26572
641,129.31356,298.37250,-0.26329,-0.00239,0.01567,-0.96555,0.25973
642,130.87093,295.58875,-0.25519,-0.00114,0.01754,-0.96558,0.25952
643,131.96286,293.66631,-0.24613,-0.00172,0.01849,-0.96474,0.26257
644,132.64061,292.47813,-0.23909,-0.00147,0.01674,-0.96420,0.26464
645,133.01528,291.83683,-0.23806,-0.00082,0.01672,-0.96387,0.26585
646,133.12419,291.66116,-0.23706,-0.00012,0.01707,-0.96376,0.26624
647,133.12599,291.66495,-0.23706,0.00007,0.01720,-0.96375,0.26625
648,133.12599,291.66495,-0.23706,0.00016,0.01725,-0.96375,0.26625
649,133.12599,291.66495,-0.23706,0.00016,0.01721,-0.96375,0.26625
650,133.12599,291.66495,-0.23706,0.00017,0.01723,-0.96375,0.26625
651,133.12599,291.66495,-0.23706,0.00017,0.01725,-0.96375,0.26626
652,133.12599,291.66495,-0.23706,0.00018,0.01720,-0.96375,0.26626
653,133.12670,291.66390,-0.24206,0.00015,0.01730,-0.96375,0.26626
654,133.12548,291.66075,-0.25406,0.00018,0.01724,-0.96374,0.26627
655,133.12410,291.65697,-0.26706,0.00010,0.01724,-0.96374,0.26629
656,133.12352,291.65361,-0.28206,0.00006,0.01735,-0.96374,0.26628
657,133.14026,291.62544,-0.30306,0.00081,0.01742,-0.96373,0.26631
658,133.39234,291.40426,-0.32405,0.00183,0.01778,-0.96360,0.26675
659,134.08969,290.40670,-0.34002,0.00269,0.01733,-0.96260,0.27037
660,135.46435,288.25826,-0.35395,0.00145,0.01623,-0.96156,0.27410
661,137.46214,285.04092,-0.36785,0.00135,0.01487,-0.96028,0.27863
662,140.07528,280.78898,-0.38672,0.00186,0.01179,-0.95882,0.28375
663,143.27446,275.66568,-0.39657,0.00323,0.00861,-0.95911,0.28290
664,146.91656,269.68154,-0.39539,0.00312,0.01006,-0.96070,0.27740
665,150.82142,263.04380,-0.38721,0.00308,0.01202,-0.96277,0.27002
666,154.92457,255.94833,-0.40702,-0.00152,0.01149,-0.96331,0.26815
667,159.19779,248.41171,-0.41382,0.00113,0.00626,-0.96401,0.26580
668,163.68280,240.47531,-0.41863,0.00278,0.00663,-0.96423,0.26496
669,168.40560,232.15564,-0.41445,0.00501,0.00370,-0.96336,0.26813
670,173.38290,223.49139,-0.39827,0.00237,0.00521,-0.96362,0.26721
671,178.41301,214.63536,-0.38310,0.00283,0.00521,-0.96421,0.26506
672,183.35838,205.85941,-0.36095,0.00045,0.00353,-0.96470,0.26333
673,188.27096,197.09140,-0.33982,0.00345,0.00385,-0.96482,0.26286
674,193.22996,188.25751,-0.33770,0.00371,0.00394,-0.96464,0.26353
675,198.18984,179.43913,-0.31960,0.00363,0.00380,-0.96438,0.26446
676,203.07170,170.84694,-0.29952,0.00143,0.00301,-0.96400,0.26589
677,207.82104,162.47656,-0.28245,0.00223,0.00365,-0.96423,0.26501
678,212.45777,154.30194,-0.27040,0.00366,0.00288,-0.96398,0.26595
679,216.99691,146.34854,-0.23737,0.00249,0.00292,-0.96396,0.26601
680,221.38835,138.66778,-0.22035,0.00220,0.00686,-0.96418,0.26516
681,225.45728,131.52453,-0.19934,-0.00212,0.00815,-0.96428,0.26476
682,228.85091,125.58623,-0.16734,-0.00704,0.00935,-0.96397,0.26575
683,231.45006,121.03603,-0.14235,0.00053,0.00789,-0.96383,0.26640
684,233.43147,117.56106,-0.10736,0.00331,0.00664,-0.96401,0.26575
685,234.84202,115.09228,-0.07236,0.00138,0.00490,-0.96406,0.26562
686,235.65777,113.66913,-0.04537,0.00108,0.00455,-0.96406,0.26564
687,236.03457,113.01423,-0.02537,0.00129,0.00433,-0.96406,0.26566
688,236.05928,112.97292,-0.02337,0.00169,0.00423,-0.96409,0.26552
689,236.05633,112.97562,-0.02137,0.00170,0.00429,-0.96409,0.26552
690,236.05296,112.97832,-0.01937,0.00172,0.00425,-0.96410,0.26551
691,236.05164,112.97915,-0.01837,0.00175,0.00429,-0.96409,0.26552
692,236.05164,112.97915,-0.01837,0.00175,0.00430,-0.96409,0.26553
693,236.05164,112.97915,-0.01837,0.00177,0.00432,-0.96409,0.26554
694,236.05164,112.97915,-0.01837,0.00176,0.00433,-0.96409,0.26554
695,236.05164,112.97915,-0.01837,0.00176,0.00432,-0.96409,0.26554
696,236.05164,112.97915,-0.01837,0.00177,0.00433,-0.96409,0.26555
697,236.05164,112.97915,-0.01837,0.00175,0.00434,-0.96408,0.26556
698,236.05164,112.97915,-0.01737,0.00176,0.00435,-0.96408,0.26556
699,236.05164,112.97915,-0.01737,0.00174,0.00435,-0.96408,0.26557
700,236.05183,112.97936,-0.01737,0.00175,0.00435,-0.96408,0.26557
701,236.05183,112.97936,-0.01737,0.00174,0.00438,-0.96408,0.26558
702,236.05183,112.97936,-0.01737,0.00173,0.00438,-0.96408,0.26558
703,236.05260,112.98021,-0.02437,0.00172,0.00439,-0.96408,0.26559
704,236.05464,112.98106,-0.03837,0.00171,0.00439,-0.96407,0.26559
705,236.05816,112.97899,-0.05237,0.00168,0.00440,-0.96408,0.26559
706,236.06584,112.97234,-0.07037,0.00168,0.00439,-0.96407,0.26559
707,236.11903,112.89518,-0.09437,0.00216,0.00450,-0.96408,0.26557
708,236.39222,112.44176,-0.12037,0.00160,0.00634,-0.96412,0.26540
709,237.13570,111.14823,-0.14938,0.00498,0.00768,-0.96406,0.26553
710,238.41725,108.92560,-0.16739,0.00773,0.00820,-0.96355,0.26727
711,240.25992,105.74301,-0.17840,0.00439,0.00480,-0.96306,0.26921
712,242.63549,101.67529,-0.19843,0.00446,0.00455,-0.96292,0.26973
713,245.30449,97.09247,-0.21646,0.00449,0.00711,-0.96366,0.26698
714,248.03475,92.31206,-0.22049,0.00381,0.00699,-0.96452,0.26388
715,250.91974,87.17799,-0.23654,0.00370,0.00520,-0.96548,0.26039
716,254.06452,81.34838,-0.23558,0.00487,0.00783,-0.96952,0.24485
717,257.33609,74.57817,-0.23163,0.00661,0.00327,-0.97390,0.22686
718,260.77658,67.00702,-0.21669,0.00762,0.00259,-0.97615,0.21696
719,264.27226,58.91909,-0.17876,0.00561,0.00363,-0.97827,0.20724
720,267.65429,50.63130,-0.13683,0.00757,0.00490,-0.98047,0.19649
721,270.83237,42.30457,-0.08690,0.00677,-0.00259,-0.98176,0.19000
722,273.84661,34.27109,-0.04998,-0.00012,-0.00515,-0.98288,0.18417
723,276.36410,27.02976,-0.02706,0.01058,-0.01046,-0.98504,0.17166
724,278.22990,20.53317,-0.01012,0.00078,-0.00353,-0.99393,0.10996
725,278.33349,14.18426,-0.05810,-0.00093,-0.00487,-0.99815,-0.06062
726,276.56121,8.78184,-0.10002,-0.00085,-0.00464,-0.97780,-0.20949
727,273.51942,4.37440,-0.14088,0.00121,-0.00060,-0.93711,-0.34904
728,269.19611,1.14542,-0.19270,-0.00985,0.00112,-0.87007,-0.49283
729,263.89290,-1.33254,-0.33747,-0.00767,0.00686,-0.83733,-0.54659
730,258.44920,-3.61829,-0.46125,0.00665,0.01192,-0.83692,-0.54715
731,253.09037,-5.81838,-0.45304,0.00617,0.00462,-0.83754,-0.54632
732,248.16697,-7.89239,-0.43085,0.00786,0.00737,-0.83868,-0.54451
733,243.85674,-9.75442,-0.45568,0.01095,0.01309,-0.84001,-0.54231
734,240.23255,-11.29457,-0.44255,0.01013,0.01184,-0.83920,-0.54360
735,237.54835,-12.42577,-0.44445,0.01131,0.00795,-0.83909,-0.54381
736,235.26490,-13.38860,-0.44637,0.01160,0.00402,-0.83877,-0.54434
737,232.43552,-14.58159,-0.44126,0.01102,0.00336,-0.83774,-0.54595
738,229.05976,-15.80819,-0.43615,0.01415,0.00524,-0.80364,-0.59493
739,225.10406,-16.42659,-0.41101,0.01742,0.00252,-0.75188,-0.65907
740,220.11390,-17.11557,-0.36083,0.01473,-0.00005,-0.77590,-0.63068
741,214.61035,-18.83641,-0.33565,0.01161,0.00161,-0.82684,-0.56231
742,208.50796,-21.21044,-0.30845,0.00641,0.00477,-0.83281,-0.55349
743,201.92091,-23.93302,-0.29725,0.00932,0.00283,-0.83929,-0.54359
744,195.44623,-26.71830,-0.26106,0.01158,0.00355,-0.83946,-0.54328
745,188.85087,-29.43947,-0.19587,0.01649,0.00126,-0.83405,-0.55144
746,181.50790,-32.46411,-0.08267,0.01623,-0.00628,-0.84583,-0.53316
747,173.92835,-36.82817,0.10051,0.02050,0.00106,-0.88486,-0.46541
748,166.08032,-42.09957,0.38469,0.02513,-0.00307,-0.88654,-0.46195
749,157.69091,-47.73857,0.77186,0.03316,0.00106,-0.88504,-0.46432
750,148.74994,-53.60569,1.29603,0.03480,0.00350,-0.88353,-0.46707
751,139.63606,-59.56938,1.77218,0.03270,0.00543,-0.88500,-0.46440
752,130.85859,-65.53175,2.19131,0.02863,0.00413,-0.89187,-0.45137
753,122.54509,-71.62768,2.40041,0.00845,0.00239,-0.90143,-0.43284
754,114.65638,-78.04730,2.38848,0.00519,0.00970,-0.91056,-0.41323
755,107.20648,-84.55099,2.26653,-0.00179,0.01496,-0.91655,-0.39963
756,100.35676,-90.88281,2.00056,-0.00422,0.02243,-0.92175,-0.38712
757,94.09074,-97.07116,1.66556,-0.00776,0.03311,-0.92729,-0.37280
758,88.23186,-103.20887,1.23055,-0.01142,0.03721,-0.93162,-0.36133
759,82.54920,-109.04211,0.75553,-0.01676,0.02932,-0.92379,-0.38140
760,76.47252,-113.76147,0.36752,-0.01921,0.00685,-0.88297,-0.46899
761,69.60868,-117.01287,-0.06246,-0.04345,-0.01342,-0.82996,-0.55596
762,61.98613,-118.99371,-0.57542,-0.04165,-0.01374,-0.76483,-0.64274
763,53.96707,-118.82826,-0.98134,-0.03409,-0.01196,-0.65380,-0.75580
764,46.35203,-116.31597,-1.21023,-0.02383,-0.01504,-0.54189,-0.83998
765,39.80835,-111.97433,-1.20811,-0.02584,-0.02641,-0.44636,-0.89409
766,33.95629,-107.12908,-0.99199,-0.01697,-0.03686,-0.43048,-0.90169
767,28.18715,-102.29310,-0.64289,-0.00171,-0.02709,-0.42853,-0.90312
768,22.28710,-97.29040,-0.44378,0.00068,-0.00726,-0.42786,-0.90382
769,16.59282,-92.44425,-0.37369,0.00938,-0.00594,-0.42462,-0.90530
770,11.53894,-87.59985,-0.29561,-0.01017,0.00261,0.37604,0.92654
771,7.57717,-82.45185,-0.24754,-0.00343,0.00214,0.29848,0.95441
772,4.63182,-76.95218,-0.35547,0.00430,-0.00805,0.22514,0.97428
773,2.47078,-71.01528,-0.47040,-0.01142,0.00838,0.15115,0.98841
774,1.08422,-64.43988,-0.23233,-0.00957,0.02548,0.09281,0.99531
775,0.22431,-57.53386,0.01974,-0.01088,0.01731,0.05512,0.99827
776,-0.11863,-50.25999,0.11780,-0.01433,0.00121,0.01900,0.99972
777,-0.14744,-43.00318,0.11485,-0.01413,-0.00078,0.01031,0.99985
778,-0.10444,-35.64716,0.06890,-0.01151,0.00371,0.00688,0.99990
779,-0.06136,-28.31062,0.02394,-0.01544,-0.00501,0.00654,0.99985
780,0.01361,-21.43801,-0.01204,-0.01753,-0.00127,0.00227,0.99984
781,0.13098,-15.01059,-0.02302,-0.01736,0.00736,0.00033,0.99982
782,0.25353,-9.31780,0.01899,-0.01549,0.00411,0.00036,0.99987
783,0.31979,-4.42211,0.04300,-0.01699,0.00050,0.00358,0.99985
784,0.36824,-0.63966,0.07000,-0.01636,0.00189,0.00371,0.99986
785,0.40442,1.54009,0.06500,-0.01276,0.00305,0.00242,0.99991
786,0.40815,2.13293,0.07100,-0.01326,0.00490,0.00227,0.99990
