1,0.00000,0.00000,0.00000,0.00000,0.00000,0.00000,0.00000
2,0.00000,0.00000,0.00000,0.00000,0.00000,0.00000,0.00000
3,0.00000,0.00000,0.00000,0.00000,0.00000,0.00000,0.00000
4,0.00000,0.00000,0.00000,0.00000,0.00000,0.00000,0.00000
5,0.00000,0.00000,0.00000,0.00000,0.00000,0.00000,0.00000
6,0.00000,0.00000,0.00000,0.00000,0.00000,0.00000,0.00000
7,0.00000,0.00000,0.00000,0.00000,0.00000,0.00000,0.00000
8,0.00000,0.00000,0.00000,0.00000,0.00000,0.00000,0.00000
9,0.00000,0.00000,0.00000,0.00000,0.00000,0.00000,0.00000
10,0.03106,2.76461,-0.03059,0.00666,-0.00973,-0.00176,0.99993
11,0.08309,5.58727,-0.11498,-0.00024,-0.00824,-0.00448,0.99996
12,0.20777,9.84169,0.08722,0.01890,-0.00724,-0.01594,0.99967
13,0.34416,13.92890,0.05469,0.00590,-0.03848,-0.01427,0.99914
14,0.25423,17.54531,0.02017,0.00798,-0.01716,0.04116,0.99897
15,-0.84836,21.06782,-0.04297,-0.00297,0.00181,0.21683,0.97620
16,-4.00185,23.80338,-0.18499,-0.00692,0.01445,0.50654,0.86207
17,-7.53310,24.48262,-0.35540,-0.00980,0.01194,0.69842,0.71552
18,-11.93033,24.44570,-0.40587,-0.00107,0.00682,0.73845,0.67427
19,-16.85051,24.52132,-0.45326,0.00583,-0.00074,0.72096,0.69296
20,-23.08155,25.22979,-0.51783,0.00342,0.00008,0.69330,0.72064
21,-29.40312,26.36646,-0.58621,-0.00157,0.00234,0.67359,0.73910
22,-37.57018,27.75471,-0.64855,0.00681,0.00189,0.68094,0.73231
23,-45.17579,28.63861,-0.70775,0.00604,-0.00057,0.70076,0.71337
24,-54.15311,29.16338,-0.72553,0.00846,-0.00240,0.71153,0.70260
25,-61.76263,29.27209,-0.72628,0.00380,0.00504,0.71322,0.70092
26,-70.69901,29.17830,-0.72341,0.00376,0.00631,0.71230,0.70184
27,-79.04951,29.10931,-0.71075,0.00413,0.00493,0.71130,0.70286
28,-88.46810,29.02568,-0.72098,0.00544,-0.00026,0.70985,0.70433
29,-96.56833,29.02728,-0.68447,0.00289,0.00243,0.70704,0.70716
30,-104.92257,28.93760,-0.62178,0.00531,0.00603,0.70943,0.70473
31,-112.60938,28.82971,-0.58818,0.00813,0.00316,0.71127,0.70287
32,-119.98686,28.72940,-0.52667,0.00219,0.00523,0.70920,0.70498
33,-125.16826,28.66471,-0.51182,0.00493,-0.00013,0.70688,0.70732
34,-129.57354,28.77889,-0.53400,0.00430,0.00104,0.70560,0.70859
35,-130.95871,28.82019,-0.55082,0.00505,0.00276,0.70524,0.70895
36,-130.97917,28.77554,-0.53300,0.00468,0.00194,0.70476,0.70943
37,-130.56071,28.70021,-0.53658,0.00444,0.00143,0.70486,0.70933
38,-130.53082,28.61597,-0.50588,0.00315,0.00001,0.70428,0.70991
39,-130.27664,28.48036,-0.49156,0.00284,-0.00060,0.70411,0.71009
40,-130.16525,28.41933,-0.44683,0.00220,-0.00110,0.70404,0.71016
41,-130.32773,28.45532,-0.37796,0.00062,-0.00133,0.70391,0.71029
42,-130.50874,28.53762,-0.36379,-0.00014,-0.00115,0.70412,0.71008
43,-130.66920,28.59972,-0.35908,-0.00063,-0.00103,0.70417,0.71004
44,-130.92015,28.65659,-0.39816,0.00013,-0.00052,0.70408,0.71012
45,-131.16739,28.76478,-0.46195,0.00104,-0.00015,0.70414,0.71006
46,-131.35408,28.85909,-0.48801,0.00123,0.00006,0.70414,0.71006
47,-131.43650,28.89877,-0.49566,0.00161,0.00009,0.70430,0.70990
48,-131.49909,28.92740,-0.50089,0.00198,0.00011,0.70419,0.71001
49,-131.33614,28.80624,-0.51254,0.00229,0.00024,0.70401,0.71018
50,-131.65325,28.98163,-0.49637,0.00213,-0.00011,0.70397,0.71022
51,-131.77711,29.07696,-0.46194,0.00197,0.00036,0.70402,0.71018
52,-131.87674,29.10244,-0.49971,0.00243,0.00039,0.70411,0.71009
53,-132.01823,29.16510,-0.50812,0.00255,0.00009,0.70402,0.71017
54,-132.17841,29.23727,-0.51763,0.00245,0.00056,0.70397,0.71023
55,-132.38961,29.34399,-0.53006,0.00251,0.00064,0.70395,0.71024
56,-132.57091,29.44250,-0.53583,0.00278,0.00087,0.70405,0.71015
57,-132.77532,29.55558,-0.54863,0.00267,0.00086,0.70400,0.71019
58,-132.96593,29.67743,-0.55628,0.00275,0.00080,0.70386,0.71033
59,-133.10536,29.75986,-0.55330,0.00296,0.00094,0.70398,0.71021
60,-133.22421,29.86372,-0.53662,0.00258,0.00075,0.70410,0.71009
61,-133.34310,29.97927,-0.53095,0.00272,0.00067,0.70405,0.71014
62,-133.47203,30.08202,-0.51889,0.00263,0.00071,0.70401,0.71019
63,-133.52773,30.17459,-0.49625,0.00272,0.00079,0.70405,0.71014
64,-133.48269,30.23451,-0.46208,0.00275,0.00076,0.70406,0.71013
65,-133.30252,30.22464,-0.42467,0.00276,0.00086,0.70407,0.71012
66,-132.98114,30.12400,-0.37040,0.00280,0.00083,0.70398,0.71021
67,-133.05244,30.24505,-0.35945,0.00285,0.00077,0.70404,0.71015
68,-133.26558,30.31661,-0.39146,0.00296,0.00088,0.70402,0.71017
69,-133.00580,30.17365,-0.35789,0.00274,0.00063,0.70402,0.71018
70,-132.89506,30.22260,-0.42008,0.00373,0.00088,0.70409,0.71010
71,-132.95815,29.96084,-0.50961,0.00329,0.00155,0.70391,0.71028
72,-133.70432,29.53800,-0.48973,0.00293,0.00260,0.70317,0.71101
73,-135.36748,29.60046,-0.51601,0.00083,0.00245,0.70248,0.71170
74,-137.06532,29.68626,-0.54044,0.00183,0.00219,0.69566,0.71836
75,-138.81408,29.76015,-0.57832,0.00299,0.00132,0.68193,0.73141
76,-139.63792,29.79268,-0.58802,0.00413,0.00219,0.67228,0.74029
77,-139.95051,29.77111,-0.58757,0.00404,0.00298,0.66839,0.74379
78,-140.02241,29.73608,-0.56065,0.00401,0.00369,0.66817,0.74399
79,-140.31937,29.80290,-0.55839,0.00410,0.00419,0.66439,0.74736
80,-140.87556,29.95807,-0.57987,0.00521,0.00543,0.65181,0.75834
81,-142.60616,30.62639,-0.56609,0.00870,0.00419,0.57006,0.82154
82,-144.75360,32.33711,-0.53785,0.01183,0.00512,0.40046,0.91622
83,-146.88717,36.09399,-0.51388,0.00325,0.00058,0.18908,0.98196
84,-147.84541,40.64334,-0.55172,-0.00387,-0.00754,0.04624,0.99889
85,-147.78763,46.59231,-0.62440,0.00186,-0.01638,-0.03326,0.99931
86,-147.28696,52.37633,-0.68090,0.00237,-0.01268,-0.04228,0.99902
87,-146.64142,59.62857,-0.71778,0.00346,-0.00622,-0.03513,0.99936
88,-146.27237,66.53280,-0.75611,0.00740,-0.00423,-0.01956,0.99977
89,-145.96271,75.07386,-0.75104,0.00693,-0.00755,-0.01626,0.99982
90,-145.69645,83.01295,-0.77075,0.00527,-0.00654,-0.01389,0.99987
91,-145.44131,92.59907,-0.82234,0.00494,-0.00545,-0.00798,0.99994
92,-145.31242,101.03001,-0.84241,0.00459,-0.00332,-0.00294,0.99998
93,-145.29456,110.38725,-0.86175,0.00589,-0.00770,-0.00140,0.99995
94,-145.22124,118.49494,-0.90661,0.00555,-0.00771,-0.00255,0.99995
95,-145.07632,127.30236,-0.96135,0.00997,-0.00576,-0.00216,0.99993
96,-145.03193,134.12588,-0.93528,0.00670,-0.00667,-0.00574,0.99994
97,-144.73623,142.55946,-0.92833,0.00589,-0.00518,-0.01284,0.99989
98,-144.49433,149.54743,-0.92859,0.01078,-0.00971,-0.01003,0.99984
99,-144.34827,157.23743,-0.85059,0.01527,-0.00785,-0.00561,0.99984
100,-144.07189,164.50475,-0.81279,0.00910,-0.00642,-0.01634,0.99980
101,-143.55081,172.74176,-0.76611,0.00758,-0.00684,-0.02940,0.99952
102,-142.93399,180.11832,-0.73960,0.00850,0.00336,-0.03249,0.99943
103,-142.20126,189.04550,-0.69486,0.01163,0.01170,-0.02654,0.99951
104,-141.92036,196.53004,-0.65598,0.01304,-0.00171,-0.01532,0.99980
105,-141.54871,206.00284,-0.58313,0.01036,0.00861,-0.01110,0.99985
106,-141.29360,214.02398,-0.53352,0.00820,0.01065,-0.01048,0.99985
107,-141.04841,223.19286,-0.52523,0.00896,0.00719,-0.00318,0.99993
108,-140.95234,230.67673,-0.52041,0.00869,0.00437,-0.00744,0.99992
109,-140.73015,238.76576,-0.47236,0.00998,-0.00171,-0.01042,0.99989
110,-140.62832,245.16225,-0.41625,0.00942,-0.00185,-0.00241,0.99995
111,-140.63281,251.51579,-0.37206,0.01096,0.00002,0.00736,0.99991
112,-141.08904,258.32813,-0.32133,0.00837,0.00409,0.04277,0.99904
113,-141.78786,265.05820,-0.35634,0.00668,0.00619,0.06130,0.99808
114,-142.64199,272.85888,-0.36102,0.00742,-0.00183,0.05185,0.99863
115,-143.13135,279.06636,-0.32063,0.00973,-0.00565,0.03450,0.99934
116,-143.26039,286.12064,-0.27235,0.01061,-0.00714,0.01183,0.99985
117,-142.92213,292.76855,-0.21679,0.01229,-0.00835,-0.01001,0.99984
118,-142.29680,301.02849,-0.17949,0.01240,-0.00667,-0.01418,0.99980
119,-141.88115,307.97335,-0.11436,0.01181,-0.01017,-0.00995,0.99983
120,-141.41674,315.84541,-0.02909,0.00641,-0.02405,-0.02243,0.99944
121,-140.58194,322.95721,0.05802,0.01000,-0.00771,-0.04197,0.99904
122,-139.67311,330.71517,0.05540,0.00834,-0.00671,-0.04038,0.99913
123,-139.22520,337.28135,0.06054,0.00901,-0.00199,-0.02105,0.99974
124,-139.04288,345.95049,0.02025,0.00384,0.00193,-0.00287,0.99999
125,-139.06460,353.87079,-0.05906,-0.00097,-0.00226,0.00383,0.99999
126,-139.23984,362.93843,-0.14245,0.00217,0.00321,0.01153,0.99993
127,-139.39778,370.85283,-0.17831,0.00249,0.00473,0.00594,0.99997
128,-139.46834,380.08177,-0.26216,0.00723,-0.00308,0.00444,0.99996
129,-139.47733,387.88194,-0.21721,0.00719,0.01480,0.00370,0.99986
130,-139.41758,396.87914,-0.24435,0.00452,0.01558,-0.00074,0.99987
131,-139.34477,403.98652,-0.22357,0.00883,0.01604,-0.00555,0.99982
132,-138.97875,411.76398,-0.24226,0.00502,0.02070,-0.03149,0.99928
133,-137.96080,418.63292,-0.25601,0.01074,0.01232,-0.08290,0.99642
134,-135.33641,427.48389,-0.40240,0.00210,0.02225,-0.16866,0.98542
135,-131.89366,434.44917,-0.53694,-0.00012,0.02167,-0.24558,0.96913
136,-126.90751,441.46680,-0.72717,-0.00045,0.01934,-0.33079,0.94351
137,-121.99496,446.61501,-0.85194,0.00544,0.01347,-0.38575,0.92249
138,-116.73443,451.45397,-0.94808,0.00162,0.01533,-0.40757,0.91305
139,-112.75384,454.99111,-1.00863,0.00158,0.01643,-0.41231,0.91089
140,-109.47582,458.00134,-1.03994,0.00558,0.01420,-0.41234,0.91090
141,-107.94985,459.54074,-1.03684,0.00956,0.01412,-0.41256,0.91077
142,-107.71706,460.14752,-0.98088,0.00804,0.01399,-0.41306,0.91056
143,-107.61235,460.30950,-1.03538,0.01003,0.01401,-0.41345,0.91037
144,-107.84267,460.41452,-1.01411,0.01124,0.01425,-0.41373,0.91022
145,-107.91645,460.30791,-1.05986,0.01260,0.01433,-0.41374,0.91019
146,-107.99198,459.97618,-1.12033,0.01372,0.01478,-0.41332,0.91036
147,-108.01189,459.72386,-1.14066,0.01387,0.01472,-0.41291,0.91055
148,-108.00990,459.72241,-1.14651,0.01389,0.01491,-0.41296,0.91052
149,-107.98770,459.72939,-1.15603,0.01386,0.01479,-0.41291,0.91055
150,-107.94402,459.71966,-1.15461,0.01359,0.01486,-0.41264,0.91067
151,-107.90637,459.70749,-1.15994,0.01362,0.01471,-0.41247,0.91075
152,-107.89259,459.73178,-1.15275,0.01333,0.01457,-0.41255,0.91072
153,-107.69646,460.03860,-1.07907,0.01013,0.01374,-0.41290,0.91062
154,-107.69522,460.03309,-1.07948,0.01012,0.01378,-0.41289,0.91062
155,-107.70318,460.02862,-1.07806,0.01009,0.01376,-0.41288,0.91063
156,-107.70368,460.03028,-1.07733,0.01009,0.01382,-0.41286,0.91063
157,-107.68222,460.00592,-1.07889,0.01009,0.01378,-0.41266,0.91073
158,-107.68520,460.01273,-1.07976,0.01008,0.01380,-0.41264,0.91073
159,-107.68837,460.01820,-1.07976,0.01010,0.01381,-0.41268,0.91072
160,-107.67027,459.99707,-1.07761,0.01008,0.01374,-0.41253,0.91079
161,-107.66697,459.96746,-1.07183,0.01003,0.01373,-0.41240,0.91085
162,-107.66491,459.95639,-1.06502,0.00995,0.01373,-0.41235,0.91087
163,-107.66552,459.95503,-1.06525,0.00997,0.01372,-0.41234,0.91087
164,-107.66436,459.95756,-1.06273,0.00996,0.01375,-0.41235,0.91087
165,-107.66536,459.95595,-1.06334,0.00997,0.01377,-0.41234,0.91087
166,-107.66931,459.96087,-1.06397,0.00999,0.01374,-0.41235,0.91087
167,-107.67295,459.96590,-1.05985,0.00993,0.01369,-0.41240,0.91085
168,-107.67411,459.96348,-1.06039,0.00996,0.01374,-0.41240,0.91085
169,-107.66513,459.96992,-1.06176,0.00999,0.01375,-0.41239,0.91085
170,-107.66462,459.97050,-1.05992,0.00996,0.01374,-0.41240,0.91085
171,-107.66811,459.95989,-1.05978,0.00996,0.01376,-0.41237,0.91086
172,-107.66875,459.95795,-1.06039,0.00997,0.01377,-0.41234,0.91087
173,-107.66881,459.96170,-1.06020,0.00997,0.01372,-0.41236,0.91086
174,-107.66425,459.95800,-1.06054,0.00995,0.01375,-0.41235,0.91087
175,-107.66109,459.96254,-1.06033,0.00996,0.01376,-0.41234,0.91087
176,-107.65922,459.95884,-1.05969,0.00996,0.01377,-0.41232,0.91088
177,-107.65820,459.95719,-1.06190,0.01000,0.01379,-0.41229,0.91089
178,-107.65901,459.95216,-1.06081,0.01000,0.01381,-0.41229,0.91090
179,-107.65733,459.94997,-1.06099,0.01002,0.01379,-0.41225,0.91091
180,-107.65808,459.94815,-1.06172,0.01003,0.01376,-0.41225,0.91091
181,-107.65748,459.94935,-1.06176,0.01003,0.01379,-0.41225,0.91091
182,-107.65434,459.94967,-1.06235,0.01002,0.01378,-0.41223,0.91092
183,-107.65663,459.95631,-1.06243,0.01004,0.01374,-0.41226,0.91091
184,-107.64913,459.94764,-1.06377,0.01009,0.01378,-0.41221,0.91093
185,-107.64823,459.94684,-1.06189,0.01007,0.01379,-0.41220,0.91093
186,-107.64828,459.94983,-1.06225,0.01007,0.01378,-0.41217,0.91095
187,-107.65335,459.95186,-1.05894,0.01005,0.01376,-0.41219,0.91094
188,-107.65829,459.96196,-1.06052,0.01002,0.01372,-0.41226,0.91091
189,-107.66289,459.95346,-1.05816,0.01000,0.01370,-0.41225,0.91091
190,-107.67686,459.97313,-1.06041,0.01004,0.01371,-0.41238,0.91085
191,-107.78971,460.08877,-1.03219,0.01003,0.01405,-0.41297,0.91058
192,-107.39515,460.35063,-0.97013,0.00956,0.01418,-0.41224,0.91091
193,-107.15464,460.71186,-0.99135,0.00999,0.01343,-0.41317,0.91050
194,-106.43349,461.31549,-1.05804,0.00832,0.01461,-0.41457,0.90986
195,-105.71045,461.51706,-1.00568,0.00978,0.01180,-0.41329,0.91047
196,-105.10714,461.96477,-1.00437,0.01120,0.01157,-0.41307,0.91056
197,-103.94167,463.14355,-0.92680,0.01282,0.01306,-0.41345,0.91034
198,-101.36057,465.55935,-0.89163,0.01446,0.01792,-0.39681,0.91761
199,-97.95206,468.79907,-0.87621,0.01311,0.01786,-0.37871,0.92525
200,-93.37771,473.36685,-0.91941,0.00982,0.02012,-0.37613,0.92630
201,-89.41793,477.32425,-0.96776,0.00804,0.01085,-0.38115,0.92441
202,-84.92603,481.69630,-1.00208,0.00422,-0.00080,-0.39525,0.91857
203,-80.70389,485.37164,-1.01446,0.00627,-0.00504,-0.41565,0.90949
204,-75.40244,489.36698,-0.98417,0.00420,-0.00856,-0.46972,0.88276
205,-70.14976,491.66417,-0.90450,0.01017,-0.00819,-0.58747,0.80914
206,-63.12168,492.56351,-0.86186,-0.00294,-0.01357,-0.70515,0.70892
207,-56.73778,491.51994,-0.82676,-0.01026,-0.00956,-0.79856,0.60176
208,-50.09873,488.11002,-0.82780,0.01368,0.01512,0.88598,-0.46328
209,-45.10768,483.65359,-0.82046,0.00907,0.01201,0.92467,-0.38047
210,-39.73367,477.67811,-0.83144,0.01267,0.01168,0.93786,-0.34658
211,-34.72409,471.67882,-0.83847,0.01328,0.01438,0.94016,-0.34016
212,-28.66993,464.21202,-0.85686,0.00594,0.01694,0.94146,-0.33666
213,-23.08605,457.27896,-0.83334,0.00942,0.01259,0.94285,-0.33286
214,-16.56810,448.89250,-0.79443,0.00022,0.01051,0.94557,-0.32525
215,-11.29494,441.69994,-0.79053,0.00377,0.01164,0.95139,-0.30776
216,-5.75275,433.62540,-0.78312,-0.00096,0.01373,0.95425,-0.29870
217,-0.93321,426.41853,-0.76974,-0.00320,0.01185,0.95418,-0.29897
218,5.27393,417.67389,-0.71577,-0.00780,0.01225,0.94675,-0.32163
219,11.15694,409.70831,-0.68804,-0.00492,0.00863,0.94684,-0.32156
220,17.67445,401.09152,-0.65529,-0.00231,0.01106,0.94390,-0.33004
221,23.13816,394.01202,-0.61626,-0.00300,0.00973,0.94236,-0.33446
222,28.03683,387.75340,-0.54595,-0.00434,0.01097,0.94355,-0.33101
223,31.53933,383.23817,-0.46707,-0.00503,0.01307,0.94381,-0.33021
224,35.40800,378.47788,-0.40167,-0.00028,0.01169,0.93801,-0.34642
225,38.51880,374.68044,-0.32292,-0.00498,0.01457,0.93915,-0.34315
226,41.80436,370.58301,-0.26452,-0.00451,0.01490,0.94122,-0.33745
227,44.84789,366.71405,-0.17124,-0.00629,0.01455,0.94091,-0.33829
228,48.66809,362.00776,-0.03565,-0.00652,0.01628,0.94081,-0.33848
229,51.89393,357.98237,0.08458,-0.00663,0.01474,0.94155,-0.33649
230,55.24602,353.61565,0.20195,-0.00559,0.01631,0.94445,-0.32821
231,57.99861,350.01397,0.34484,-0.00331,0.01723,0.94393,-0.32968
232,61.13333,346.07094,0.49502,-0.00236,0.01419,0.94380,-0.33021
233,64.06434,342.44189,0.60292,-0.00719,0.01354,0.94170,-0.33610
234,67.64156,338.26833,0.70420,-0.00432,0.01303,0.94208,-0.33512
235,70.52725,334.84356,0.81542,-0.00148,0.01435,0.94186,-0.33568
236,73.38048,331.27633,0.94424,-0.00961,0.01796,0.94319,-0.33162
237,76.39839,327.23962,1.04139,0.00220,0.01467,0.94905,-0.31477
238,79.16259,323.08583,1.12681,0.00243,0.01715,0.95285,-0.30294
239,82.45359,317.48177,1.21610,0.00700,0.01294,0.95928,-0.28208
240,86.04722,311.01805,1.25012,0.00829,0.01319,0.96197,-0.27272
241,89.44551,304.85450,1.31115,0.00698,0.00883,0.96214,-0.27231
242,92.71647,299.10106,1.32964,0.00563,0.00644,0.96170,-0.27398
243,96.13720,293.59024,1.31703,0.00445,0.00818,0.96175,-0.27376
244,99.23708,288.37036,1.31967,0.00265,0.00385,0.96149,-0.27479
245,102.42055,283.16883,1.28518,0.01118,0.00472,0.96410,-0.26526
246,104.70065,279.07922,1.25688,0.01279,0.00438,0.96753,-0.25239
247,106.86804,275.32004,1.21739,0.01462,0.00337,0.96299,-0.26910
248,108.53936,272.48627,1.15394,0.01287,0.00186,0.96145,-0.27466
249,109.52849,270.87041,1.08218,0.01235,0.00233,0.96127,-0.27534
250,109.92897,270.32561,1.05610,0.01228,0.00213,0.96135,-0.27506
251,110.20943,269.99401,1.04935,0.01283,0.00115,0.96147,-0.27459
252,110.25173,269.83294,1.05664,0.01200,0.00070,0.96144,-0.27475
253,110.24327,269.82717,1.05873,0.01210,0.00094,0.96151,-0.27451
254,110.24563,269.83758,1.05582,0.01193,0.00144,0.96153,-0.27443
255,110.24062,269.76110,1.10411,0.01103,0.00257,0.96136,-0.27507
256,110.32356,269.62472,1.04693,0.01036,0.00357,0.96150,-0.27459
257,110.37199,269.54757,1.01637,0.00960,0.00504,0.96155,-0.27442
258,110.42532,269.46020,0.97734,0.00956,0.00599,0.96151,-0.27453
259,110.42486,269.41343,0.90512,0.00943,0.00770,0.96153,-0.27442
260,110.37889,269.47370,0.80311,0.00946,0.00958,0.96143,-0.27472
261,110.35791,269.51393,0.72526,0.00918,0.01099,0.96136,-0.27493
262,110.34659,269.52914,0.71894,0.00939,0.01098,0.96130,-0.27513
263,110.35393,269.54018,0.69427,0.00938,0.01130,0.96136,-0.27492
264,110.36409,269.55377,0.68335,0.00946,0.01141,0.96143,-0.27466
265,110.36266,269.56391,0.68992,0.00940,0.01110,0.96140,-0.27477
266,110.38996,269.53183,0.66122,0.00886,0.01208,0.96140,-0.27476
267,110.66193,269.13617,0.79431,0.00757,0.01157,0.96155,-0.27429
268,111.59338,267.50063,0.82348,0.00738,0.00918,0.96115,-0.27577
269,113.44276,264.49248,0.90436,0.00771,0.00752,0.95985,-0.28030
270,115.64180,260.89075,0.88635,-0.00296,0.00506,0.95902,-0.28326
271,118.76494,256.01463,0.86644,0.00437,0.00960,0.95915,-0.28271
272,121.71163,251.24231,0.85950,0.00131,0.00957,0.95979,-0.28055
273,125.39014,245.17751,0.86251,0.00737,0.00946,0.96156,-0.27434
274,128.82406,239.20494,0.83562,0.00632,0.00622,0.96352,-0.26747
275,133.14755,231.79623,0.81628,0.00064,0.00511,0.96304,-0.26932
276,137.17202,224.93985,0.80607,0.00112,0.00734,0.96289,-0.26978
277,142.01409,216.65794,0.80697,-0.00212,0.00870,0.96347,-0.26765
278,146.40976,209.07236,0.79262,-0.00121,0.00948,0.96446,-0.26407
279,151.39518,199.97932,0.77648,-0.00517,0.01043,0.96700,-0.25452
280,155.88785,192.01566,0.78036,-0.00553,0.01090,0.96339,-0.26782
281,161.20413,182.92910,0.77392,-0.00522,0.01308,0.96278,-0.26991
282,165.75033,175.03857,0.75153,-0.00366,0.01120,0.96431,-0.26452
283,170.19424,167.35279,0.74581,-0.00328,0.01231,0.96481,-0.26264
284,175.20247,158.92677,0.76699,-0.00349,0.01285,0.96380,-0.26629
285,179.65708,151.43192,0.78080,-0.00366,0.01227,0.96372,-0.26662
286,184.46165,143.18167,0.83372,-0.00551,0.01189,0.96439,-0.26417
287,188.17423,136.82469,0.92860,-0.00550,0.01109,0.96410,-0.26526
288,192.19358,129.94755,0.97262,-0.00265,0.01306,0.96478,-0.26271
289,194.89533,125.15730,1.05123,-0.00138,0.01259,0.96621,-0.25746
290,197.59646,120.42991,1.14085,0.00250,0.01091,0.96422,-0.26485
291,199.62500,116.89018,1.21142,-0.00360,0.01195,0.96330,-0.26812
292,201.52230,113.51069,1.24021,-0.00431,0.01043,0.96398,-0.26574
293,202.86142,111.04876,1.23763,0.00054,0.00861,0.96477,-0.26296
294,203.84610,109.13093,1.25118,-0.00076,0.01166,0.96500,-0.26199
295,204.59638,107.86073,1.27354,0.00025,0.00718,0.96493,-0.26240
296,205.28977,106.71648,1.26231,-0.00046,0.00325,0.96458,-0.26376
297,205.65565,106.09904,1.26273,0.00092,0.00254,0.96458,-0.26379
298,205.94984,105.58102,1.25149,-0.00021,0.00053,0.96453,-0.26399
299,206.01274,105.46712,1.25376,-0.00062,-0.00054,0.96453,-0.26396
300,205.99971,105.48880,1.25286,-0.00054,-0.00041,0.96451,-0.26406
301,205.98639,105.51086,1.24993,-0.00072,0.00036,0.96450,-0.26409
302,205.97997,105.52128,1.24983,-0.00097,0.00066,0.96454,-0.26394
303,205.98076,105.52229,1.24776,-0.00105,0.00115,0.96456,-0.26385
304,205.97750,105.53014,1.24844,-0.00122,0.00145,0.96454,-0.26392
305,205.97955,105.52555,1.24753,-0.00127,0.00188,0.96455,-0.26388
306,205.98402,105.52173,1.24375,-0.00134,0.00233,0.96457,-0.26380
307,205.98634,105.51818,1.24306,-0.00130,0.00260,0.96459,-0.26375
308,205.96201,105.55903,1.25575,-0.00078,0.00108,0.96453,-0.26397
309,205.96186,105.56055,1.25506,-0.00081,0.00131,0.96455,-0.26390
310,205.97656,105.53297,1.25459,-0.00080,0.00139,0.96454,-0.26394
311,206.05253,105.39555,1.25287,-0.00071,0.00112,0.96457,-0.26383
312,206.14944,105.23369,1.24819,-0.00049,0.00119,0.96464,-0.26358
313,206.20373,105.14632,1.24492,-0.00023,0.00158,0.96468,-0.26341
314,206.33403,104.94597,1.23413,-0.00053,0.00258,0.96482,-0.26291
315,206.58407,104.53890,1.22717,-0.00084,0.00225,0.96499,-0.26229
316,207.04807,103.70930,1.21603,-0.00237,0.00338,0.96518,-0.26156
317,207.79713,102.34759,1.21000,-0.00228,0.00251,0.96550,-0.26039
318,208.97718,100.21150,1.20802,-0.00092,0.00311,0.96631,-0.25735
319,210.85129,96.81513,1.17140,-0.00047,0.00495,0.96707,-0.25447
320,213.28282,92.32689,1.12331,-0.00141,0.00279,0.96717,-0.25410
321,215.79554,87.70665,1.07958,-0.00258,0.00475,0.96902,-0.24693
322,218.93849,81.67612,1.05595,-0.00203,0.00438,0.97092,-0.23936
323,221.79161,75.83541,1.01176,-0.00518,0.00250,0.97239,-0.23328
324,225.14884,68.87245,0.95204,-0.00387,0.00525,0.97311,-0.23026
325,228.18341,62.53139,0.92752,-0.00454,0.00569,0.97415,-0.22577
326,231.16716,56.22509,0.90518,-0.00237,0.00833,0.97505,-0.22183
327,234.35432,49.05275,0.88951,-0.00682,0.00461,0.97835,-0.20677
328,236.76517,42.87916,0.85520,-0.00669,0.00537,0.98345,-0.18096
329,238.77167,36.06904,0.83644,-0.01590,0.00710,0.98977,-0.14161
330,239.91245,30.64522,0.78358,-0.00810,0.00008,0.99605,-0.08838
331,239.33332,24.96406,0.68197,-0.00153,0.00014,0.99519,0.09790
332,236.71710,20.56555,0.61187,-0.00134,0.00103,0.96184,0.27362
333,231.63769,15.89968,0.50019,-0.00468,0.00038,0.90274,0.43016
334,225.70381,12.45538,0.32513,-0.00075,-0.00875,0.86535,0.50109
335,217.61633,8.23933,0.12376,0.01064,0.00171,0.84954,0.52742
336,209.64708,4.27891,0.06994,0.01234,-0.00685,0.84422,0.53581
337,199.62662,-0.40432,-0.04004,0.01250,-0.00231,0.84448,0.53544
338,190.32322,-4.99365,-0.09550,0.01028,-0.00200,0.85027,0.52624
339,179.20725,-10.54953,-0.18806,0.01205,-0.00254,0.84711,0.53127
340,169.62411,-15.19271,-0.22269,0.00511,0.00259,0.84606,0.53306
341,158.77979,-20.54265,-0.29092,0.00621,0.00527,0.84543,0.53403
342,148.87115,-25.24089,-0.33280,0.01078,0.00063,0.84681,0.53178
343,137.53897,-30.67179,-0.21651,0.00899,0.00852,0.85130,0.52453
344,127.51152,-35.87577,-0.01139,0.00986,0.01743,0.86293,0.50493
345,116.42774,-42.27628,0.33669,0.01664,0.01961,0.87513,0.48321
346,106.99424,-48.21910,0.72993,0.01629,0.01569,0.88311,0.46862
347,96.87207,-55.24887,1.07781,0.01781,0.01581,0.89514,0.44514
348,88.85923,-61.39344,1.33315,0.00138,0.01154,0.90408,0.42721
349,80.19517,-68.61708,1.32016,0.00367,0.00242,0.91283,0.40831
350,73.22066,-74.85931,1.20569,-0.00029,-0.00418,0.92123,0.38901
351,66.15126,-81.83070,0.89898,0.00152,-0.01275,0.93024,0.36673
352,61.04192,-87.43345,0.57421,0.01244,-0.02164,0.93672,0.34920
353,55.42741,-93.81882,0.09724,0.01740,-0.03083,0.93893,0.34227
354,50.82868,-98.97911,-0.32633,0.01294,-0.03217,0.93279,0.35875
355,44.96427,-104.24388,-0.79866,0.00016,-0.02265,0.90284,0.42939
356,39.43909,-107.69767,-1.17794,-0.03037,-0.01266,0.86651,0.49807
357,32.34082,-110.82988,-1.74069,-0.05260,-0.00181,0.82649,0.56048
358,25.38256,-112.67414,-2.25910,-0.04859,0.01011,0.76229,0.64533
359,17.05275,-112.52531,-2.70744,-0.03771,0.02074,0.64932,0.75930
360,10.14635,-110.28052,-2.92205,-0.01888,0.02790,0.54018,0.84087
361,3.14253,-106.23533,-2.94122,-0.00483,0.03873,0.47413,0.87959
362,-2.47369,-102.57015,-2.78106,0.00591,0.03701,0.45734,0.88850
363,-8.27902,-98.75501,-2.51892,0.00901,0.02064,0.44723,0.89413
364,-12.98595,-95.66950,-2.37436,0.00056,0.00572,0.44551,0.89526
365,-17.25660,-92.68633,-2.37710,-0.00214,0.00319,0.44250,0.89676
366,-21.36274,-89.99183,-2.36372,0.00063,0.00019,0.44698,0.89454
367,-23.76772,-88.45987,-2.31636,0.00093,0.00008,0.43199,0.90188
368,-25.14714,-87.56302,-2.27142,-0.00022,0.00172,0.41300,0.91073
369,-25.53840,-87.19529,-2.25607,0.00033,0.00325,0.40619,0.91378
370,-25.63230,-86.98352,-2.27950,0.00084,0.00318,0.40391,0.91479
371,-25.60601,-87.02465,-2.28977,0.00169,0.00291,0.40405,0.91473
372,-25.61333,-87.04256,-2.30172,0.00220,0.00281,0.40387,0.91481
373,-25.61902,-87.04980,-2.30675,0.00260,0.00250,0.40367,0.91490
374,-25.63861,-87.07122,-2.31210,0.00284,0.00214,0.40333,0.91505
375,-25.66463,-87.05586,-2.31580,0.00347,0.00206,0.40298,0.91520
376,-25.90414,-86.81992,-2.30463,0.00352,0.00191,0.40049,0.91629
377,-26.64580,-86.04805,-2.30417,0.00508,0.00277,0.39328,0.91940
378,-28.38679,-84.15118,-2.34507,0.00717,0.00199,0.37478,0.92709
379,-30.57045,-81.56006,-2.33903,0.00595,0.00215,0.32750,0.94483
380,-33.31984,-77.01491,-2.43571,-0.01036,-0.00037,0.24835,0.96862
381,-35.62392,-71.63720,-2.62084,-0.00748,0.00075,0.18054,0.98354
382,-37.83891,-64.32461,-2.59579,0.03473,-0.00519,0.11938,0.99223
383,-39.14687,-57.32683,-2.33792,0.01686,-0.01087,0.06471,0.99770
384,-39.94727,-48.99915,-2.27343,0.00442,-0.01136,0.03280,0.99939
385,-40.26636,-41.71997,-2.35081,0.00132,-0.01172,0.01565,0.99981
386,-40.43558,-33.63565,-2.43912,0.00329,-0.00609,0.01904,0.99979
387,-40.62957,-26.67614,-2.52972,-0.00427,-0.01234,0.01338,0.99983
388,-40.68434,-19.07854,-2.60201,0.00061,-0.01205,0.00810,0.99989
389,-40.77961,-12.76400,-2.64347,0.00643,-0.01140,0.01579,0.99979
390,-40.90423,-5.97325,-2.63657,0.00478,-0.01064,0.01454,0.99983
391,-40.99648,-0.82048,-2.65690,0.00699,-0.01069,0.01206,0.99985
392,-41.10337,3.63782,-2.63377,0.00978,-0.00697,0.01184,0.99986
393,-41.17205,6.07678,-2.60500,0.00505,-0.00686,0.01197,0.99989
394,-41.20766,7.76051,-2.62761,0.00519,-0.00616,0.01125,0.99990
395,-41.20468,7.86430,-2.61967,0.00495,-0.00642,0.01129,0.99990
396,-41.19378,7.70011,-2.63148,0.00433,-0.00679,0.01150,0.99990
397,-41.16801,7.45384,-2.63610,0.00373,-0.00712,0.01176,0.99990
398,-41.15452,7.34027,-2.62574,0.00243,-0.00770,0.01201,0.99990
399,-41.16672,7.43057,-2.60099,0.00135,-0.00817,0.01186,0.99990
400,-41.14074,7.68470,-2.55608,0.00020,-0.00845,0.01226,0.99989
401,-41.15979,7.80849,-2.55095,0.00002,-0.00850,0.01179,0.99989
402,-41.17389,7.85104,-2.54785,0.00009,-0.00875,0.01140,0.99990
403,-41.18380,7.89649,-2.55977,0.00068,-0.00848,0.01123,0.99990
404,-41.19086,7.92300,-2.56428,0.00098,-0.00834,0.01105,0.99990
405,-41.19139,7.93979,-2.56515,0.00120,-0.00831,0.01097,0.99990
406,-41.19232,7.97779,-2.60886,0.00457,-0.00698,0.01109,0.99990
407,-41.19023,7.98629,-2.60675,0.00443,-0.00711,0.01112,0.99990
408,-41.19058,7.98434,-2.60710,0.00448,-0.00704,0.01109,0.99990
409,-41.19088,7.98308,-2.60722,0.00455,-0.00703,0.01109,0.99990
410,-41.19008,7.97898,-2.60530,0.00448,-0.00709,0.01107,0.99990
411,-41.19441,7.98795,-2.60767,0.00461,-0.00690,0.01110,0.99990
412,-41.19432,7.98733,-2.60646,0.00460,-0.00695,0.01108,0.99990
413,-41.19258,7.98844,-2.60790,0.00459,-0.00693,0.01109,0.99990
414,-41.19306,7.98883,-2.60773,0.00461,-0.00694,0.01109,0.99990
415,-41.19193,7.98722,-2.60437,0.00453,-0.00698,0.01109,0.99990
416,-41.19182,7.98648,-2.60584,0.00457,-0.00695,0.01109,0.99990
417,-41.19291,7.98111,-2.60891,0.00464,-0.00683,0.01110,0.99990
418,-41.18945,7.98907,-2.60400,0.00441,-0.00697,0.01115,0.99990
419,-41.19322,8.00076,-2.59394,0.00433,-0.00692,0.01113,0.99990
420,-41.19799,8.00282,-2.59689,0.00443,-0.00685,0.01103,0.99991
421,-41.19703,8.01006,-2.59763,0.00448,-0.00677,0.01105,0.99991
422,-41.19486,8.00506,-2.59810,0.00445,-0.00677,0.01109,0.99991
423,-41.19614,7.99608,-2.59558,0.00437,-0.00688,0.01108,0.99991
424,-41.19629,8.02681,-2.60490,0.00446,-0.00684,0.01115,0.99990
425,-41.19316,8.01636,-2.60531,0.00449,-0.00684,0.01104,0.99991
426,-41.19871,8.03157,-2.59818,0.00439,-0.00702,0.01096,0.99991
427,-41.19561,8.03298,-2.59743,0.00448,-0.00685,0.01108,0.99991
428,-41.19350,8.04663,-2.59951,0.00443,-0.00682,0.01096,0.99991
429,-41.19294,8.02454,-2.60407,0.00444,-0.00685,0.01105,0.99991
430,-41.19217,8.02240,-2.60466,0.00436,-0.00704,0.01105,0.99990
431,-41.19165,8.02020,-2.60302,0.00431,-0.00702,0.01113,0.99990
432,-41.19193,8.02116,-2.60255,0.00442,-0.00707,0.01104,0.99990
433,-41.19336,8.02374,-2.60258,0.00424,-0.00706,0.01101,0.99991
434,-41.19182,8.01978,-2.60237,0.00433,-0.00699,0.01105,0.99991
435,-41.19182,8.01940,-2.60267,0.00433,-0.00696,0.01105,0.99991
436,-41.19189,8.02128,-2.60098,0.00429,-0.00707,0.01105,0.99990
437,-41.19129,8.01965,-2.60244,0.00430,-0.00703,0.01107,0.99990
438,-41.19152,8.01946,-2.60308,0.00432,-0.00698,0.01105,0.99991
439,-41.19179,8.02765,-2.60025,0.00433,-0.00697,0.01104,0.99991
440,-41.19162,8.02920,-2.60086,0.00435,-0.00696,0.01106,0.99991
441,-41.19179,8.03030,-2.60111,0.00434,-0.00695,0.01105,0.99991
442,-41.19140,8.02673,-2.60261,0.00433,-0.00695,0.01107,0.99991
443,-41.19087,8.02101,-2.60298,0.00433,-0.00699,0.01106,0.99990
444,-41.19046,8.02284,-2.60243,0.00429,-0.00703,0.01108,0.99990
445,-41.19123,8.02847,-2.60215,0.00436,-0.00697,0.01104,0.99991
446,-41.19089,8.02156,-2.60253,0.00433,-0.00703,0.01105,0.99990
447,-41.19099,8.02057,-2.60237,0.00434,-0.00702,0.01105,0.99990
448,-41.19121,8.01926,-2.60226,0.00433,-0.00704,0.01106,0.99990
449,-41.19109,8.01733,-2.60251,0.00433,-0.00703,0.01105,0.99990
450,-41.19114,8.01431,-2.60117,0.00425,-0.00707,0.01104,0.99991
451,-41.19126,8.05038,-2.57965,0.00415,-0.00711,0.01099,0.99991
452,-41.19118,8.04928,-2.57928,0.00413,-0.00711,0.01097,0.99991
453,-41.18991,8.04846,-2.58032,0.00418,-0.00709,0.01098,0.99991
454,-41.19186,8.05058,-2.57956,0.00415,-0.00709,0.01099,0.99991
455,-41.18961,8.04846,-2.57934,0.00412,-0.00716,0.01101,0.99991
456,-41.18965,8.04998,-2.58074,0.00416,-0.00708,0.01101,0.99991
457,-41.18902,8.05338,-2.57897,0.00417,-0.00709,0.01101,0.99991
458,-41.10189,8.14055,-2.56772,0.00470,-0.00708,0.01251,0.99989
459,-41.25444,8.77370,-2.69728,0.00993,-0.00793,0.00868,0.99988
460,-41.18414,9.92041,-2.63867,0.00719,-0.00443,0.01014,0.99991
461,-41.24138,12.11890,-2.63285,0.00711,-0.00196,0.01658,0.99984
462,-41.60286,15.39744,-2.63784,0.00801,0.00296,0.08653,0.99621
463,-42.82969,17.70395,-2.69881,0.00017,0.00991,0.27029,0.96273
464,-46.30584,20.03815,-2.81217,-0.00053,0.01207,0.56030,0.82820
465,-50.74607,20.64944,-2.88739,0.00201,0.00481,0.68409,0.72938
466,-56.76685,20.86442,-2.91133,0.00479,-0.00125,0.71250,0.70165
467,-62.78928,20.99566,-2.97828,0.00377,-0.00214,0.71200,0.70217
468,-70.74575,21.39535,-3.06059,0.00093,0.00100,0.69602,0.71802
469,-78.63924,21.78539,-3.17746,0.00131,-0.00218,0.69870,0.71541
470,-88.27260,22.03859,-3.28402,0.00602,-0.00275,0.70319,0.71097
471,-97.38581,22.16804,-3.39164,0.00745,-0.00225,0.70776,0.70641
472,-108.33856,22.18674,-3.52521,-0.00010,0.00394,0.71234,0.70183
473,-118.51183,22.09414,-3.66497,-0.00185,0.00632,0.71605,0.69801
474,-130.68271,21.78184,-3.79055,-0.00344,0.00312,0.71896,0.69504
475,-141.58037,21.40869,-3.93122,0.00236,0.00092,0.72048,0.69347
476,-153.54538,21.14136,-4.04800,0.00031,0.00286,0.71720,0.69686
477,-162.67968,20.94261,-4.09700,-0.00089,0.00294,0.71836,0.69567
478,-172.15028,20.73873,-4.15270,0.00291,0.00289,0.71924,0.69475
479,-179.75343,20.53767,-4.21176,0.00361,0.00269,0.72005,0.69390
480,-186.66707,20.39811,-4.24350,0.00489,0.00418,0.71199,0.70216
481,-191.54767,20.89337,-4.28453,0.00662,0.00304,0.63954,0.76873
482,-196.10365,23.03309,-4.27853,0.00708,0.00574,0.48601,0.87391
483,-199.20147,26.12443,-4.28785,0.00290,0.00412,0.32240,0.94659
484,-201.12748,30.71823,-4.35249,-0.00627,-0.00369,0.12453,0.99219
485,-201.44526,35.46515,-4.47490,-0.00178,-0.01325,-0.00049,0.99991
486,-201.37067,41.75350,-4.60014,0.00033,-0.01364,-0.01225,0.99983
487,-201.22156,48.10673,-4.72686,0.00177,-0.01204,-0.01189,0.99986
488,-201.01844,55.18918,-4.83959,-0.00011,-0.00591,-0.01177,0.99991
489,-200.93129,63.98035,-4.95106,0.00274,-0.00457,0.00020,0.99999
490,-201.00883,73.31980,-5.05613,0.00017,-0.00867,0.00003,0.99996
491,-201.10998,82.08185,-5.18751,0.00098,-0.00660,0.00679,0.99995
492,-201.33866,91.24170,-5.31369,0.00070,-0.00336,0.01235,0.99992
493,-201.63109,102.25801,-5.44268,0.00040,-0.00065,0.00810,0.99997
494,-201.84435,112.05610,-5.57850,-0.00167,-0.00784,0.01061,0.99991
495,-202.00374,123.26612,-5.72743,-0.00068,-0.00210,0.01181,0.99993
496,-202.12058,132.90145,-5.82994,0.00244,-0.00333,0.00889,0.99995
497,-202.20823,143.53005,-5.93162,0.00207,-0.00396,0.00639,0.99997
498,-202.13565,152.74644,-6.03094,0.00650,-0.00641,0.00074,0.99996
499,-201.85017,162.94195,-6.04623,0.00381,-0.00477,-0.01585,0.99986
500,-201.30780,171.68990,-6.11728,0.00340,0.00140,-0.02726,0.99962
501,-200.78860,181.34432,-6.18763,0.00721,0.00370,-0.01310,0.99988
502,-200.55192,189.20430,-6.23055,0.00376,0.01402,0.00055,0.99989
503,-200.55782,197.24828,-6.27225,0.00905,0.01439,0.00649,0.99983
504,-200.58139,203.87592,-6.26196,0.00491,0.01149,0.00439,0.99991
505,-200.51997,210.71600,-6.22969,0.01288,-0.00137,-0.00439,0.99991
506,-200.32921,216.44063,-6.16834,0.00773,0.01684,-0.00514,0.99982
507,-200.26893,222.00020,-6.14247,0.00775,0.01385,-0.00012,0.99987
508,-200.30082,226.50687,-6.10408,0.00862,0.01122,0.00698,0.99988
509,-200.32250,231.41372,-6.09398,0.00431,0.00994,0.00622,0.99992
510,-200.36830,235.28223,-6.09731,0.00662,0.00758,0.00875,0.99991
511,-200.39509,239.29982,-6.10297,0.00693,0.00886,0.00876,0.99990
512,-200.41793,242.38513,-6.12000,0.00652,0.00646,0.00891,0.99992
513,-200.46493,245.36761,-6.11801,0.00653,0.00529,0.00902,0.99992
514,-200.47462,247.17964,-6.10712,0.00905,0.00512,0.00888,0.99991
515,-200.45968,248.48246,-6.10265,0.00497,0.00339,0.00933,0.99994
516,-200.47005,249.21685,-6.09940,0.00177,0.00260,0.00968,0.99995
517,-200.48795,249.83934,-6.10789,-0.00191,0.00174,0.00939,0.99995
518,-200.49097,250.02945,-6.10785,-0.00376,0.00196,0.00951,0.99995
519,-200.47927,250.20829,-6.11984,-0.00241,0.00184,0.00983,0.99995
520,-200.48563,250.76086,-6.10679,0.00098,0.00037,0.00954,0.99995
521,-200.47210,253.00852,-6.16352,0.00419,-0.00034,0.01011,0.99994
522,-200.49512,256.08504,-6.16867,0.00369,-0.00146,0.01163,0.99992
523,-200.53461,260.12301,-6.16079,0.00198,-0.00165,0.01289,0.99991
524,-200.60923,265.85635,-6.19610,0.00229,0.00057,0.01462,0.99989
525,-200.70516,271.72909,-6.23288,0.00181,-0.00034,0.01928,0.99981
526,-200.98133,279.36991,-6.29502,0.00001,0.00229,0.03085,0.99952
527,-201.55938,287.98649,-6.43181,-0.00312,0.00624,0.05320,0.99856
528,-202.56837,296.20562,-6.56106,-0.00292,0.00103,0.07014,0.99753
529,-203.93549,306.25234,-6.73367,-0.00158,-0.00677,0.06608,0.99779
530,-204.81249,315.31639,-6.87794,-0.00002,-0.01018,0.03935,0.99917
531,-205.19648,324.50385,-6.99261,0.00078,-0.00871,0.01140,0.99990
532,-205.33581,335.17192,-7.13809,0.00223,-0.00823,0.00276,0.99996
533,-205.23588,344.56503,-7.25034,0.00424,-0.00590,-0.00537,0.99996
534,-204.97515,355.53582,-7.35901,0.00493,-0.00817,-0.01306,0.99987
535,-204.47546,365.30333,-7.38026,-0.00211,-0.00838,-0.03180,0.99946
536,-203.48288,376.60165,-7.54388,-0.00090,-0.00260,-0.03962,0.99921
537,-202.69288,386.75044,-7.67661,0.00030,0.00724,-0.02296,0.99971
538,-202.24709,398.38402,-7.85331,-0.00330,0.01042,-0.00229,0.99994
539,-202.13510,408.16137,-8.02239,-0.00178,0.00571,0.00348,0.99998
540,-202.06299,419.43032,-8.21786,0.00006,0.01089,0.01636,0.99981
541,-202.33253,428.54660,-8.34777,0.00984,0.00558,0.02037,0.99973
542,-202.67770,439.13138,-8.54167,0.00529,-0.00091,0.02168,0.99975
543,-202.91983,448.29114,-8.64205,0.01465,0.00542,0.01696,0.99973
544,-202.89281,458.20065,-8.70094,0.00494,0.01557,0.00251,0.99986
545,-202.78154,465.90458,-8.78397,0.00181,0.01528,0.00064,0.99988
546,-202.55067,474.08325,-8.85485,0.00687,0.01416,-0.02444,0.99958
547,-201.86714,480.80558,-8.93284,0.00279,0.02323,-0.05266,0.99834
548,-200.99700,487.84901,-8.98981,0.01027,0.02522,-0.05495,0.99812
549,-200.31305,494.05957,-8.98419,0.00129,0.02611,-0.05245,0.99828
550,-199.35154,500.21163,-8.99005,0.01332,0.02514,-0.10166,0.99441
551,-197.89696,504.73536,-9.01170,0.00811,0.02463,-0.19151,0.98115
552,-195.53785,508.51526,-9.04711,0.00661,0.02618,-0.30811,0.95097
553,-193.52677,510.85592,-9.11361,0.00477,0.02720,-0.36915,0.92896
554,-191.71359,512.70147,-9.17037,0.01113,0.02437,-0.38843,0.92109
555,-190.38510,513.97258,-9.18409,0.00987,0.02545,-0.38651,0.92188
556,-189.24142,515.09703,-9.19906,0.01330,0.02264,-0.38185,0.92385
557,-188.46534,515.86408,-9.22078,0.01662,0.02090,-0.37771,0.92554
558,-188.01367,516.30459,-9.23466,0.01696,0.02105,-0.37692,0.92585
559,-187.93486,516.37975,-9.23560,0.01696,0.02121,-0.37701,0.92581
560,-187.91604,516.40975,-9.23641,0.01670,0.02143,-0.37728,0.92570
561,-187.92910,516.40684,-9.23760,0.01654,0.02134,-0.37741,0.92565
562,-187.94924,516.39305,-9.23601,0.01642,0.02120,-0.37749,0.92563
563,-187.98133,516.36271,-9.23438,0.01656,0.02090,-0.37755,0.92561
564,-188.00947,516.33770,-9.23193,0.01653,0.02069,-0.37760,0.92559
565,-188.03041,516.31741,-9.23102,0.01652,0.02074,-0.37765,0.92557
566,-188.04382,516.30203,-9.23084,0.01644,0.02095,-0.37752,0.92562
567,-188.05782,516.28879,-9.22964,0.01654,0.02090,-0.37756,0.92560
568,-188.23461,516.11433,-9.22595,0.01797,0.02028,-0.37739,0.92566
569,-188.23680,516.11478,-9.22575,0.01795,0.02019,-0.37747,0.92563
570,-188.23908,516.11173,-9.22598,0.01801,0.02016,-0.37750,0.92561
571,-188.23664,516.11587,-9.22599,0.01801,0.02012,-0.37753,0.92560
572,-188.23690,516.11403,-9.22625,0.01797,0.02021,-0.37749,0.92562
573,-188.23890,516.11527,-9.22491,0.01794,0.01989,-0.37760,0.92558
574,-188.23834,516.11375,-9.22492,0.01793,0.02003,-0.37751,0.92562
575,-188.23937,516.10949,-9.22498,0.01794,0.02005,-0.37748,0.92563
576,-188.24677,516.10201,-9.22516,0.01786,0.02003,-0.37752,0.92561
577,-188.24864,516.09751,-9.22543,0.01778,0.02026,-0.37744,0.92564
578,-188.25480,516.09400,-9.22512,0.01783,0.02018,-0.37744,0.92564
579,-188.25781,516.09134,-9.22503,0.01782,0.02039,-0.37738,0.92566
580,-188.25641,516.09690,-9.22473,0.01790,0.02012,-0.37739,0.92566
581,-188.25861,516.09595,-9.22426,0.01788,0.02015,-0.37730,0.92570
582,-188.25400,516.09669,-9.22464,0.01770,0.01994,-0.37725,0.92573
583,-188.25690,516.09602,-9.22356,0.01772,0.01986,-0.37725,0.92573
584,-188.29966,516.07263,-9.21764,0.01746,0.01980,-0.37753,0.92562
585,-188.29526,516.06291,-9.19401,0.01744,0.01984,-0.37736,0.92569
586,-188.28582,516.08144,-9.21146,0.01791,0.01956,-0.37731,0.92571
587,-187.95469,516.37861,-9.16057,0.01825,0.01939,-0.37645,0.92605
588,-187.22421,517.01858,-9.11228,0.01476,0.02033,-0.37512,0.92664
589,-185.93134,518.44879,-9.15704,0.01180,0.01800,-0.37442,0.92701
590,-184.11258,520.31275,-9.16845,0.01563,0.01554,-0.38132,0.92418
591,-181.28332,522.95622,-9.18665,0.01380,0.01544,-0.39198,0.91974
592,-178.28768,525.70572,-9.23049,0.01540,0.01616,-0.39962,0.91641
593,-174.66397,528.99783,-9.24600,0.01742,0.01419,-0.39788,0.91716
594,-171.21080,532.11524,-9.23652,0.02062,0.01726,-0.39593,0.91789
595,-167.26824,535.76882,-9.23039,0.01687,0.01936,-0.39408,0.91872
596,-163.75772,539.05719,-9.21862,0.01686,0.01938,-0.38867,0.92102
597,-160.25027,542.48627,-9.21022,0.01573,0.00541,-0.39068,0.92038
598,-157.19006,545.30769,-9.17161,0.00972,-0.00240,-0.40400,0.91470
599,-153.51209,548.28747,-9.07614,0.01484,-0.00838,-0.42766,0.90378
600,-149.76479,550.83257,-8.98773,0.01129,-0.01251,-0.47597,0.87930
601,-143.89799,553.00758,-8.83700,0.01334,-0.00467,-0.61464,0.78868
602,-137.85444,553.48784,-8.79635,-0.00500,-0.01139,-0.72991,0.68343
603,-131.17205,551.62864,-8.82035,-0.00747,-0.00509,-0.83686,0.54735
604,-125.82166,548.15227,-8.86202,0.01017,0.01314,0.90399,-0.42723
605,-120.57371,542.51016,-8.84899,0.00611,0.00721,0.94465,-0.32793
606,-116.42353,536.78597,-8.84877,0.00545,0.00947,0.95298,-0.30285
607,-111.36220,529.69288,-8.87962,0.00090,0.00974,0.95160,-0.30719
608,-106.76041,523.21289,-8.91399,-0.00530,0.00994,0.95113,-0.30858
609,-101.45016,515.98546,-8.92236,-0.00587,0.00782,0.94630,-0.32314
610,-96.71030,509.86599,-8.93915,-0.00544,0.00935,0.94536,-0.32585
611,-91.96329,503.68583,-8.96831,-0.00670,0.00632,0.94526,-0.32620
612,-86.80851,497.04565,-9.01164,-0.01594,0.00603,0.94283,-0.33283
613,-82.55002,491.63350,-9.00225,-0.01281,0.01049,0.94429,-0.32871
614,-77.69588,485.40272,-8.95920,-0.00751,0.01298,0.94447,-0.32826
615,-73.36173,479.78755,-8.87921,-0.00702,0.01502,0.94351,-0.33093
616,-67.90486,472.87909,-8.77769,-0.01024,0.01261,0.94288,-0.33274
617,-62.86401,466.50694,-8.66552,-0.00676,0.01608,0.94254,-0.33365
618,-57.05104,459.08793,-8.52073,-0.00513,0.01544,0.94288,-0.33274
619,-51.73298,452.34724,-8.40036,-0.00646,0.01615,0.94250,-0.33376
620,-46.10950,444.96732,-8.22314,-0.00741,0.01819,0.94387,-0.32973
621,-41.54315,438.85905,-8.06698,-0.00592,0.01250,0.94433,-0.32872
622,-37.23939,433.13121,-7.84388,-0.00781,0.01960,0.94385,-0.32970
623,-33.67860,428.53583,-7.65712,-0.00934,0.02273,0.94323,-0.33123
624,-29.42225,423.11211,-7.44927,-0.00850,0.02446,0.94239,-0.33350
625,-26.12389,418.86149,-7.26612,-0.01052,0.02348,0.94413,-0.32856
626,-22.43546,414.04834,-7.06038,-0.00724,0.02703,0.94625,-0.32221
627,-19.32433,409.96940,-6.88424,-0.00625,0.02451,0.94603,-0.32308
628,-15.70234,405.33759,-6.67122,-0.01015,0.02073,0.94512,-0.32589
629,-12.08901,400.67601,-6.45491,-0.01344,0.02064,0.94411,-0.32871
630,-8.05241,395.52206,-6.20363,-0.01422,0.02107,0.94280,-0.33239
631,-4.90337,391.51132,-6.01484,0.00319,0.02122,0.94745,-0.31920
632,-1.16108,385.90835,-5.86542,-0.00024,0.02344,0.95620,-0.29177
633,2.15445,380.19827,-5.69945,0.00339,0.01930,0.96238,-0.27099
634,5.64757,373.75696,-5.54659,0.00272,0.01962,0.96369,-0.26629
635,8.46515,368.68609,-5.44398,0.00346,0.01890,0.96334,-0.26758
636,11.52808,363.51285,-5.38476,0.00264,0.01675,0.96342,-0.26748
637,14.08537,359.16633,-5.31542,0.00213,0.01866,0.96426,-0.26431
638,16.71052,354.67568,-5.21095,-0.00221,0.01552,0.96434,-0.26419
639,18.88769,351.05259,-5.15810,0.00041,0.01070,0.96392,-0.26599
640,21.20711,347.02094,-5.14125,0.00725,0.01042,0.96603,-0.25812
641,22.48029,344.69403,-5.14657,0.00824,0.00915,0.96803,-0.25055
642,23.52921,342.75203,-5.16134,0.00911,0.00972,0.96810,-0.25023
643,24.08183,341.74013,-5.18036,0.01052,0.00696,0.96731,-0.25328
644,24.43485,341.12085,-5.21014,0.01090,0.00440,0.96644,-0.25663
645,24.57785,340.81872,-5.20628,0.01017,0.00258,0.96602,-0.25827
646,24.57077,340.99621,-5.17434,0.01170,0.00133,0.96614,-0.25774
647,24.60015,341.09180,-5.15829,0.01236,-0.00015,0.96619,-0.25754
648,24.63889,341.11851,-5.16700,0.01205,-0.00066,0.96614,-0.25774
649,24.76716,341.04495,-5.17808,0.01194,0.00007,0.96628,-0.25720
650,24.91755,341.01646,-5.18406,0.01215,0.00075,0.96606,-0.25804
651,25.29289,340.69298,-5.21723,0.01246,0.00066,0.96590,-0.25862
652,25.79120,340.17061,-5.23512,0.01240,0.00067,0.96592,-0.25854
653,26.35854,339.53448,-5.27500,0.01240,0.00054,0.96595,-0.25842
654,27.11077,338.55495,-5.30959,0.01270,0.00020,0.96592,-0.25853
655,27.87230,337.62784,-5.35262,0.01263,0.00014,0.96587,-0.25873
656,28.69443,336.43638,-5.38069,0.01263,0.00024,0.96585,-0.25878
657,29.81081,335.01164,-5.46198,0.01280,0.00094,0.96588,-0.25865
658,30.50907,333.46742,-5.53344,0.01237,0.00166,0.96586,-0.25877
659,31.21243,330.90517,-5.71667,0.00973,0.00379,0.96507,-0.26179
660,32.74633,328.16008,-5.75213,0.00928,0.00307,0.96445,-0.26410
661,35.66689,323.19149,-5.73989,0.00824,0.00361,0.96310,-0.26899
662,38.76267,318.05528,-5.77618,0.00736,0.00368,0.96163,-0.27423
663,43.18609,310.75553,-5.86186,-0.00302,0.00351,0.96138,-0.27520
664,47.61503,303.45515,-5.95655,0.00487,0.00197,0.96253,-0.27111
665,53.00338,294.28809,-6.08874,0.00605,0.00316,0.96480,-0.26291
666,58.05085,285.65560,-6.23773,0.00685,-0.00087,0.96515,-0.26161
667,64.08045,275.20145,-6.40365,0.00117,-0.00124,0.96585,-0.25910
668,69.52107,265.70344,-6.51217,0.00312,-0.00049,0.96617,-0.25789
669,76.10798,254.28101,-6.64364,-0.00146,0.00067,0.96545,-0.26057
670,82.24582,243.64423,-6.79452,-0.00192,0.00052,0.96544,-0.26061
671,89.21743,231.39601,-6.95742,-0.00197,0.00176,0.96623,-0.25766
672,95.26401,220.59360,-7.10226,-0.00378,0.00192,0.96647,-0.25673
673,101.93785,208.73877,-7.20377,-0.00486,0.00387,0.96671,-0.25578
674,108.09659,197.45058,-7.37914,-0.00274,0.00092,0.96634,-0.25724
675,114.88614,185.16819,-7.49654,-0.00354,0.00201,0.96599,-0.25854
676,120.64072,174.97687,-7.53796,-0.00285,0.00313,0.96552,-0.26028
677,127.43188,163.07781,-7.63510,-0.00170,0.00223,0.96576,-0.25944
678,133.30595,152.65143,-7.77563,-0.00199,0.00340,0.96573,-0.25954
679,139.59932,141.54029,-7.86609,-0.00378,0.00424,0.96575,-0.25940
680,145.22429,131.65735,-7.97517,-0.00096,0.00589,0.96595,-0.25867
681,151.12039,121.20586,-8.04467,0.00174,0.00294,0.96611,-0.25811
682,154.86829,114.71851,-7.97824,0.00022,0.00156,0.96595,-0.25871
683,157.62210,109.97952,-7.91321,-0.00253,0.01056,0.96579,-0.25909
684,159.19245,107.26432,-7.85834,-0.00539,0.01335,0.96620,-0.25740
685,160.53428,104.77864,-7.80424,-0.00683,0.01085,0.96618,-0.25755
686,161.39565,103.19066,-7.77594,-0.00523,0.01010,0.96616,-0.25769
687,161.88563,102.25742,-7.75166,-0.00543,0.00987,0.96629,-0.25721
688,162.01202,102.04023,-7.74638,-0.00540,0.00928,0.96640,-0.25683
689,162.05657,101.97932,-7.74091,-0.00509,0.00728,0.96643,-0.25678
690,162.04311,102.01015,-7.72586,-0.00440,0.00549,0.96647,-0.25669
691,162.01082,102.07189,-7.71554,-0.00381,0.00457,0.96651,-0.25657
692,161.96848,102.14127,-7.73220,-0.00313,0.00446,0.96638,-0.25706
693,161.96746,102.13776,-7.74032,-0.00335,0.00479,0.96637,-0.25708
694,161.97009,102.13876,-7.73587,-0.00343,0.00462,0.96637,-0.25711
695,161.97237,102.13373,-7.73876,-0.00329,0.00488,0.96637,-0.25710
696,161.97410,102.13407,-7.73734,-0.00330,0.00481,0.96639,-0.25700
697,161.97443,102.13376,-7.73654,-0.00327,0.00473,0.96641,-0.25693
698,161.97355,102.13315,-7.73758,-0.00354,0.00475,0.96641,-0.25695
699,161.97141,102.13884,-7.73591,-0.00348,0.00463,0.96640,-0.25697
700,161.97020,102.14290,-7.73450,-0.00334,0.00444,0.96641,-0.25695
701,161.96929,102.14221,-7.73575,-0.00351,0.00457,0.96639,-0.25703
702,161.96853,102.14700,-7.73564,-0.00357,0.00440,0.96641,-0.25695
703,161.96264,102.15008,-7.74181,-0.00388,0.00475,0.96634,-0.25719
704,161.96262,102.14931,-7.74430,-0.00388,0.00482,0.96634,-0.25720
705,161.96347,102.14871,-7.73807,-0.00371,0.00461,0.96635,-0.25717
706,161.95135,102.16097,-7.74584,-0.00363,0.00468,0.96629,-0.25740
707,161.96104,102.14701,-7.72864,-0.00314,0.00469,0.96631,-0.25731
708,162.20940,101.73657,-7.72073,-0.00241,0.00502,0.96644,-0.25685
709,162.85070,100.63604,-7.73499,-0.00161,0.00832,0.96654,-0.25639
710,164.14095,98.31646,-7.74567,-0.00246,0.01296,0.96590,-0.25858
711,165.88147,95.15232,-7.75361,-0.00563,0.00821,0.96516,-0.26147
712,168.36387,90.69975,-7.75297,-0.00591,0.00946,0.96481,-0.26270
713,170.60539,86.75593,-7.71600,-0.00430,0.00880,0.96531,-0.26092
714,173.05345,82.38189,-7.70313,-0.00347,0.01091,0.96625,-0.25734
715,175.01460,78.88394,-7.70814,-0.00373,0.00962,0.96710,-0.25417
716,177.55166,74.17649,-7.66567,-0.00200,0.01265,0.97071,-0.23990
717,179.99469,68.99765,-7.60814,-0.00568,0.01361,0.97521,-0.22080
718,182.93099,62.34317,-7.50952,-0.00647,0.01369,0.97755,-0.21018
719,185.57616,56.09006,-7.40001,-0.00488,0.01308,0.97944,-0.20126
720,188.26171,49.23285,-7.23562,-0.00516,0.01441,0.98142,-0.19125
721,190.28825,43.60050,-7.10168,-0.01167,0.01281,0.98275,-0.18413
722,192.64847,37.08226,-6.99221,-0.00684,0.00846,0.98370,-0.17948
723,194.14749,32.50959,-6.94800,-0.02104,0.01166,0.98540,-0.16856
724,195.51542,27.46997,-6.87061,-0.01028,0.00210,0.99295,-0.11805
725,195.42112,22.55408,-6.87784,-0.01211,0.00281,0.99931,0.03487
726,193.38503,17.09851,-6.90000,-0.00917,0.00774,0.97979,0.19966
727,190.45537,12.52401,-6.89787,-0.00846,0.00446,0.94526,0.32619
728,185.70727,8.73696,-6.93229,-0.00965,-0.00240,0.87436,0.48517
729,180.38875,6.12734,-7.08781,-0.01290,-0.00746,0.83834,0.54495
730,173.94753,3.31792,-7.30514,0.00348,-0.00717,0.83586,0.54889
731,168.14407,0.92891,-7.38565,-0.00009,0.00188,0.83613,0.54852
732,161.92317,-1.66431,-7.42095,0.00207,0.00164,0.83779,0.54599
733,157.20372,-3.70606,-7.47013,0.00864,-0.00336,0.83919,0.54376
734,153.21602,-5.40843,-7.49936,0.00974,-0.00070,0.83916,0.54380
735,149.91546,-6.79823,-7.51688,0.01045,0.00386,0.83890,0.54417
736,147.48275,-7.80811,-7.52103,0.00969,0.00665,0.83891,0.54414
737,144.37598,-9.08533,-7.47734,0.00903,0.00874,0.83854,0.54470
738,141.10732,-10.35184,-7.46725,0.01270,0.00373,0.81987,0.57240
739,136.55084,-11.26451,-7.41828,0.01839,0.00677,0.75576,0.65456
740,131.48564,-11.97155,-7.35675,0.01125,0.01333,0.76473,0.64412
741,125.07793,-13.78310,-7.31289,0.00788,0.00832,0.82556,0.56419
742,118.98603,-16.09368,-7.28470,0.00337,0.00442,0.83411,0.55158
743,111.62825,-19.19392,-7.24634,0.00772,0.00684,0.84115,0.54070
744,105.20294,-22.04873,-7.17500,0.00861,0.00722,0.84363,0.53680
745,97.91174,-25.29126,-7.07231,0.01305,0.01061,0.83835,0.54487
746,90.84881,-28.32688,-6.94835,0.01167,0.01319,0.84295,0.53770
747,82.47225,-33.08696,-6.76227,0.01341,0.01625,0.88634,0.46255
748,74.69450,-38.46711,-6.51206,0.01886,0.02051,0.89079,0.45357
749,65.56340,-44.96061,-6.07790,0.02577,0.02236,0.88954,0.45558
750,56.97544,-50.94606,-5.57150,0.02772,0.02258,0.88720,0.46000
751,46.96733,-57.91746,-5.03959,0.02558,0.01833,0.88792,0.45892
752,38.45192,-64.02346,-4.64548,0.02666,0.01662,0.89320,0.44856
753,29.18279,-71.05001,-4.35772,0.00388,0.01150,0.90366,0.42808
754,21.38343,-77.56256,-4.33693,0.00668,0.00374,0.91237,0.40930
755,13.05274,-85.02732,-4.39892,0.00430,-0.00407,0.91912,0.39394
756,6.18810,-91.51109,-4.59622,0.00668,-0.00983,0.92386,0.38255
757,-0.73886,-98.63318,-4.87242,0.01588,-0.01762,0.93015,0.36642
758,-6.53068,-104.89441,-5.20438,0.01698,-0.02549,0.93511,0.35302
759,-13.19982,-112.04243,-5.70335,0.00630,-0.02482,0.93030,0.36590
760,-18.82985,-116.92614,-6.03666,-0.00872,-0.00721,0.89614,0.44362
761,-25.93896,-120.64924,-6.42153,-0.04505,0.00435,0.83999,0.54072
762,-33.24449,-123.05713,-6.92429,-0.04915,0.01390,0.78587,0.61628
763,-42.20268,-123.65136,-7.43155,-0.03962,0.02414,0.67446,0.73685
764,-49.81328,-121.80077,-7.74633,-0.02624,0.03214,0.57245,0.81889
765,-57.45399,-117.48873,-7.86209,-0.01209,0.04232,0.46324,0.88514
766,-63.59674,-112.97663,-7.75326,0.00167,0.04536,0.44390,0.89493
767,-70.49054,-107.77862,-7.43835,0.01176,0.02989,0.44050,0.89718
768,-76.73372,-102.98825,-7.26319,-0.00138,0.01056,0.43909,0.89838
769,-83.69803,-97.55978,-7.25616,0.00319,0.00423,0.43758,0.89916
770,-89.27205,-92.80131,-7.24109,0.00036,0.00065,0.39846,0.91718
771,-94.27157,-87.04176,-7.23888,-0.00035,0.00452,0.31865,0.94786
772,-97.38114,-81.85957,-7.36541,-0.01340,0.00630,0.24868,0.96847
773,-100.25184,-75.24757,-7.55511,0.00006,-0.00145,0.16979,0.98548
774,-102.04818,-68.76420,-7.47238,0.02947,0.00298,0.11019,0.99347
775,-103.55039,-60.81249,-7.26332,0.01670,-0.00669,0.06958,0.99741
776,-104.32011,-53.40417,-7.23742,0.00345,-0.00718,0.03442,0.99938
777,-104.73820,-44.86797,-7.33766,-0.00076,-0.00788,0.02237,0.99972
778,-104.95985,-37.30586,-7.45644,-0.00078,-0.00501,0.01926,0.99980
779,-105.17977,-29.76689,-7.57043,-0.00314,-0.00847,0.01858,0.99979
780,-105.37411,-21.47453,-7.71092,-0.00215,-0.00974,0.01525,0.99983
781,-105.46306,-14.68953,-7.78144,0.00081,-0.01073,0.01375,0.99985
782,-105.51550,-7.80370,-7.81520,0.00612,-0.00766,0.01322,0.99986
783,-105.62426,-2.52242,-7.83947,0.00517,-0.00992,0.01789,0.99978
784,-105.76260,1.75745,-7.80948,0.00629,-0.01273,0.01741,0.99975
785,-105.81550,3.80768,-7.78271,0.00551,-0.00602,0.01621,0.99984
786,-105.81896,4.58898,-7.78311,0.00876,-0.00719,0.01625,0.99980
